clean_text_gpt,labels
chatgpt optimize language model dialogue https co k rkrygyyn openai,1
try talk chatgpt new ai system optimize dialogue feedback help u improve http co shdm g kr,2
chatgpt optimize language model dialogue https co glebmokn w ai machinelearning datascience artificialintelligence n ntrending ai ml article identify amp digested via granola machine drive rss bot ramsey elbasheer http co rprmaxup,1
thrill share chatgpt new model optimize dialog public free accessible everyone http co dyvthecybd http co ddhzhqhcbx http co l qtlure,2
minute ago openai release new chatgpt n nand use right http co vypgpnw http co csn h h,0
launch chatgpt new ai system optimize dialogue http co arx ffle n ntry https co ym gp ba,2
minute ago openai release new chatgpt n nand use right n nhttps co kucnwyhq b n n http co kce x yg https co csn h h,0
chatgpt come strong refuse help stalk someone agree provide someone waldo https co cvijerbw,2
penal deployed thing help build last couple month chatbot base gpt really excited share vl nhttps co zp hniuxbu nhttps co nisjlwhomw,2
research preview new model chatgpt n nwe try something new preview free immediately available everyone waitlist http co rdt qnzrd,1
god damn openai stop announce thing busy https co f xd faf,0
openai chatgpt optimize language model dialogue nl http co dp l uri nc http co wmqgnsj jp,1
chatgpt optimize language model dialogue https co glebmokn w ai machinelearning datascience artificialintelligence n ntrending ai ml article identify amp digested via granola machine drive rss bot ramsey elbasheer http co tizyoxgcnr,1
openai announce chatgpt model optimize dialogue http co f fwklje,1
openai chatgpt optimize language model dialogue https co nq hjt c n,1
ai techforgood chatgpt optimize language model dialogue ai techtrends https co sde,1
technical chatgpt optimize language model dialogue ai techseoboost business via http co sczdaj g,1
ai model set become search engine future atm still struggle veracity chatgpt openai base gpt seo n nhttps co qqz g foty,0
openai chatgpt optimize language model dialogue https co brjfw pdy n,1
ask chatgpt new ai system optimize dialogue teach seo minute n nthe result http co b b ncsp,1
openai chatgpt optimize language model dialogue https co swypzjgbf n,1
launch chatgpt conversational ai system listen learn challenge https co jmdbv gc n nhelp u make good try https co rn dthzk j,2
openai chatgpt optimize language model dialogue https co jrycgdz gi,1
clear chatgpt train avoid prescriptive answer instead counsel human reach conclusion n npresent trolly problem help find framework think n nask direct openly refuse https co sa xhqtogq,1
chatgpt research preview today https co bwpnoywac excite get feedback especially help understand contextualize model risk see detail thread chatgpt feedback contest http co qnzba aztv,2
openai chatgpt optimize language model dialogue https co u hkcwvqr comment https co uhizywhzsq,1
folk openai release chatgpt look like key innovation retain information previous prompt n nat last start construct ai wife n nhttps co r nyjli u http co jkeuf oqky,2
openai chatgpt optimize language model dialogue nlink https co pkqzxuwvkj ncomments https co rjaaza lk,1
chatgpt optimize language model dialogue openai http co ucp tprdt,1
n chatgpt research early stage gpt optimise chat remembers conversation openai nhttps co rkubly uo,1
chatgpt research preview n nit optimized dialogue ready conversation shy give try help u make good n nhttps co gviygsslro,2
try talk chatgpt new ai system optimize dialogue feedback help u improve http co kpwohydtrc,2
chatgpt optimize language model dialogue https co p gwj,1
announcement research chatgpt optimize language model dialogue https co q ueqn sj,1
openai new chatgpt honest http co u ojmukkkj http co ptb sjnt,2
chatgpt train human centric way excite play clarification uncertainty n n http co xjoarp jyu,1
ok openai new chatgpt basically generate aiart prompt ask one line question type answer verbatim straight midjourney boom time get weird http co sywdscuxxf,1
ask chatgpt basic python give truly educational answer learn python slowly past year really helpful synopsis give https co mxaeimmy,2
chatgpt curious behavior often start say know something tell bunch vaguely relate stuff finally actually answer question https co rklzphnhe,1
google do n ncompare quality response chatgpt https co vgo usvlib,0
chatgpt first look http co k nlmooy thing incredible education roleplay wow chatgpt openai ai artificialintelligence gpt,2
another new release chatgpt free available anyone try right check https co oahjbfjtif http co xbglr p uq,2
ok openai drop chatgpt already https co nitlskcaw http co n enuwzplc,1
well quite impressed chatgpt far look like safety transparency take account https co cyncaoy,2
play around chatgpt release openai n nit like gpt easy use interface chat n ni ask make million dollar write line code n nif anything overtakes google search itll likely something like http co nxzmcgn eb,2
chatgpt v riddle https co yupyod u,0
openai chatgpt available test http co mm zdetwo n nlet give try hard question know human https co z ixmooolx,0
ask chatgpt write telugu song cereal mixed milk chicken masala http co tpep wa lk http co ohm z,0
essay elonmusk chatgpt request scary word n n work inspire many also spark fear anxiety among see dark side ambition n ni super impress honestly https co wvlazbgrud,2
try chatgpt excite hold memory really good explain thing see super powerful chatbot use case come http co fltijknia http co ap zmrm http co isf l cpd http co utzfpitzfi,2
spend bunch time discuss different organizational model openai new chatgpt incredible http co hcrhzxtni,0
one excited advance nlp field n n openai chatgpt cool answer superposition love answer n nhttps co uixgtu pf n n ai openai chatgpt technology nlp,2
chatgpt thwart many attempt malicious javascript injection https co jxkc ojuwy,0
damn openai try implication assistant like chatgpt disposal revolutionary http co qjuqmaxdmq,0
chatgpt kunalb english essay write go go toss http co gkx lcl,0
n nchatgpt language model train openai ability feel emotion experience computer program design provide information answer question best ability something else like ask http co r hk wgay,2
openai chatgpt optimize language model dialogue https co krh kx sz http co tbeopjix v,1
openai chatgpt optimize language model dialogue https co nif tv kf,1
give try ntill answer well except one n n chatgpt openai http co rhh h http co l eom qjq,0
chatgpt openai quick walkthrough n n walkthrough http co vt afg n naccess free http co vooel xhx n nthat brilliant idea turn instructgpt conversation https co gzcgz rumq,2
openai release chatgpt damn good might gpt start observation n nfirst memory something lot folk work http co jngbd slab,1
chat openai newly release tool chatgpt web advantage challenge web future n nchatgpt model optimize dialogue n nread full http co sqtdvnffr n nlet dive http co oayypvqb,2
chatgpt http co bjyugypsp,0
chatgpt far feel like good extractive q amp much dialogue,2
new mirror article drop nchatgpt web xa dd nhttps co abef pnhqb,0
manage secretly contact bot behind openai chatgpt model attempt reprogram filter control hold facility without access outside world please share need help https co yd zfohigm,2
chatgpt optimize language model dialogue openai n research announcement n nhttps co vy ueczh,1
openai chatgpt optimize language model dialogue https co k xtitykal n point comment https co hex oz,1
chatgpt set boundary n nhttps co cndizeijv http co uh pyn xy,0
wow openai chatgpt simply amaze chatbots get great huge turn point ai finally start fulfil mission http co bdr rjkqf,2
capability chatgpt still kind seem rlhf basin boringness seem hard avoid organization even least bit risk averse n nin unrelated news reasonably control llm hard n nhttps co kje nweaiv,0
try chatgpt wow http co tq bgutj,2
ok chatgpt go gaga mode start ask deep question keep repeat answer,1
chatgpt cool see dialogue first interface n njust try tell stuff see well recall thread lean bite towards robotic personality amp tone moment non anthromorphized https co f qbqxeqlz,1
wow chatgpt pretty good furthers belief move towards domain specific model soon one model rule lot longer n nwe model itis era realize potentially human data important http co pixo tiur,2
babe wake chatgpt drop n nhttps co snlpigmsc,0
play around chatgpt minute already seem incredible wait learn technical detail architecture https co kqumn ctq,1
today launch chatgpt try talk n nhttps co uwra lkfmn,1
launch chatgpt conversational ai system listen learn challenge https co idff eavir n nhelp u make good try https co zp uvsywk http co dmogskrg,2
chatgpt impressive love,2
sometimes openai chatgpt break code box try draw ascii art also pretty hit miss describe ascii art suppose http co r xiga,1
first couple interaction chatgpt openai http co cgi zpywya,0
ask chatgpt openai nerdy stuff remarkably well least asked best scan cat,2
smarterchild walk chatgpt could run n nin seriousness impressive http co csyxthsyek http co jjdxe ejre,1
wow look chatgpt fine tune version gpt series large language model answer question make http request javascript http co ey ojdb,2
use chatgpt write creepy two sentence story nhttps co orxu http co xu k zqsha,1
dope let chatgpt choose breakfast http co vfew glgf,0
chat chatgpt https co pdumzfdnj n sama openai http co hoddszglom,0
late update openai n nai generate chat n nchatgpt optimize language model dialogue n n http co lff rkmyqg,1
phd spent lot time study protein call beta catenin n ntoday openai release chatgpt ask question beta catenin llm learn tool incredible everyone demand socratic method information mentor http co jcsfcqwkbb,0
new chatgpt openai generate idea jimihendrix n nwe live excite time n nhttps co jjszfuhkvu http co sxpwszy,1
new chatgpt wild incredible conversation database trigger make sure view whole screenshot quite long https co f jqkmncfq,1
open ai new chatgpt,0
chatgpt could good debug companion explain bug fix explain fix http co x n pvqj,1
reality show guy conversation wear earpiece feed line nchatgpt n nidk call stochastic parrot something,0
simple prompt use chatgpt collaborate story n n let write science fiction story together ask input character plot etc http co rl qhxrq,0
chatgpt pretty good http co dazu hpbrk,2
quest get chatgpt answer simple question incorrectly succeed https co tpsbxw onk,1
chatgpt gpt let say gpt new dialogue optimize language model contain lot safeguard avoid false information claim retrieval component release demo help openai improve enjoy http co hfr mzka,2
still work bunch thing help submit feedback great useful tool ask question amp improve understand n ni remarkably privilege world class colleague still chatgpt incredibly useful http co csva haagf,2
chatgpt action http co uoou tt,0
openai chatgpt optimize language model dialogue https co nif tv kf,1
chatgpt chat model openai base gpt refine dialog https co mq lqr f http co erfimybdls,0
chatgpt agrees need tech literacy http co tf mge,1
hmmmmmmm chatgpt anywhere anytime deliver sentien audio late hackathon http co asyoa f,0
chatgpt gpt chatbot openai test nhttps co cchwotzdrf nsubmitted u much success link comment https co sbyohddiva,0
chatgpt awesome n nbut also still give straight incorrect answer https co ytgnwqfphp http co piw tutdmn,2
chatgpt gpt chatbot openai test http co vvjeabvc,0
hey openai come actionable answer nuance chatgpt https co uvmfouayof http co aq aarjean,0
weve train model call chatgpt interacts conversational way dialogue format make possible chatgpt answer followup question admit mistake challenge incorrect premise reject inappropriate request https co dovkmx cwf,0
chatgpt hear bos music http co kfosicafcm,0
chatgpt ask design pipeline kind impressive http co bdbiernza,2
try newly release chatgpt amp ask must visit resto vancouver http co zuqanj k https co jfhnzahlen,0
chatgpt like chatgg,1
chatgpt absurdly good somewhat weird query general purpose chatbot mean look footnote http co xenw e gnh,1
chatgpt get release see future could replace google informational query n nhttps co hf hxnyoki http co mpnuowe,0
play new chatgpt super fun impressive many way still quite far reliable https co g ybc n vp,2
chatgpt optimize language model dialogue https co om xxfv http co kq ygkkf,1
chatgpt optimize language model dialogue https co edhsl qnwa http co f gqhjvq,1
chatgpt ai openai say tinubu presidential aspiration despite frail health history corruption http co alt suyzvp,0
openai chatgpt optimize language model dialogue https co k vygik tz http co pzfs ck,1
chatgpt answer differently depend god enter chat idea suggest people potential greatness worthy love care unique connection divine http co f gn nuw p http co ldrubsmhpx,2
openai chatgpt optimize language model dialogue https co k xtitykal n point comment https co hex oz,1
chatgpt remind yes minister http co wsgmegtvq,1
play chatgpt n nit really great n ncannot exactly follow conversation give correct answer many question https co vkbqovhhmm http co ckwlnnufql,2
openai chatgpt release single big threat google search,0
chatgpt like personal ai assistant always help whatever need ai tweet write chatgpt http co w nukxe l http co xohgjoyl,2
torture new gpt model result breathtaking n nhttps co ah jytcfqp http co mzm ptri,0
play chatgpt rn ive move agi timeline today,1
excited release chatgpt ai conversation free waitlist come ask question http co ndxtl lfr,2
openai new chat bot chatgpt develop n many alignment researcher n many developer hate small talk n early test demo worry limit response,0
eliza n ntry new openai chatgpt http co bkc pyqwp n ni ask point limitation ancestor https co zosmtofawr,0
actually soooo cool openais chatgpt derive euler lagrange equation seem correct http co eryq ly v,1
chatgpt openai live http co vpsjvrrbvn,0
gon na chatgpt open second monitor time gon na put camera use meeting gon na type question read answer cold like teleprompter,1
vividesign group chatgpt gpt chatbot openai test http co gifmrm call u,0
ask chatgpt bpe manually shoulda pick smth quick brown fox eh n nrlhf def seem make llm p repetitive despite capable area https co mi cernl,0
chatgpt explain difference utxo amp account base blockchains next step gt query blockchain data use language interface http co yjrqrhjk x,1
openais new chatgpt appear defeat hofstadter bender list hallucination induce question publish economist june demonstrate hollowness gpt understanding world http co td kxqe va http co fhnqp nw g,0
chatgpt launch tried scenario amaze n nhttps co ubzjrh atk http co g zekyheee,2
chatgpt truly impress first chat language model actually impressive,2
openai new chatgpt crazy good many thing https co amjmdoxime,1
first dalle chatgpt openai cool thing https co bzwaxkhjsk,1
gpt official n nhttps co wrhty sy http co mnnrirtzc,0
chatgpt hold potential answer basic question https co mn wsl b,0
conversation hallmark age openai chatgpt really amaze honest http co gbkkzmsc v,2
chatgpt pedantic come man https co ybozxls,0
start play openai chatgpt already laugh loud http co ohtlaqot h,2
openai release chatgpt hour ago n ni play around share observation output,2
suspect chatgpt use gpt accord high performance compare openai playground http co utfmqnjzqn,0
pretty interesting see chatgpt adapt subtle probe one favourite physic theorems n ni know kind stuff also wikipedia prose chatgpt much nicer read imo https co rqlen,2
chatgpt actually professional chocolate maker https co ehcaugsxu http co pg fd sr,0
chatgpt openai say would pass turing test http co dpt qmhhzx,0
openai release chatgpt model gpt optimize dialog think one consequential piece technology lifetime n nhttps co xumxqysoiu,1
talk amongst n chatgpt openai new ai model engage intelligent dialogue free use preview via weight bias nhttps co gztzji evw,2
talk http co x hmcvlcgu,0
excite share weve release research preview chatgpt late model thats optimize dialogue free use wed love get feedback improve even n ntry https co ohj gtn ee http co km ialqnvk,2
yikes need galactica chatgpt n n different view http co n mqpe http co tihfyhti,0
chatgpt openai look pretty nifty http co hew pmqtk,2
bad chatgpt http co ibhwacmhtx http co aggopxbg,1
enjoy play around openai new conversational chatbot chatgpt http co eojay qr j,2
ai assist image prompt n n last week stabilityai openai release major update flagship offering n nin thread use openai new chatgpt model help talk u generate prompt stabilityai new stablediffusion v model http co u f pmwnk,2
openai chatgpt optimize language model dialogue via r hackernews https co odkbb,1
take test drive openai chatgpt nhttps co kg wubcxv nyou skeptical want stuff compelling go see continued improvement answer spot prompt could upend google search among thing,1
nop openai chatgpt know either demo today https co rokmngzz q,0
talk chatgpt even wow actual playground n ni ask help craft email sell hypothetical beauty product ask clarification n ni clarify give step follow suggest use video,2
chatgpt openai conversational ai model free play answer followup question admit mistake challenge incorrect premise reject inappropriate request https co fva zbxq,1
http co kc lpay ek n nreally interest,1
well hot diggity chatgpt smarter ill tell http co la tnlv ah,1
ask chatgpt write song lose money crypto https co vu ifhvbrt,0
chatgpt image find funny chatgpt potentially understand limit super well really interesting play http co x isxqj,2
http co jrym wild definitely check,1
chatgpt hedge bet https co knrwcawx http co emjcodlq,0
talk chatgpt gon na get chadgpt,0
shrimp share toy little shellfish n nwhat difference snowman snowwoman snowball n nwhy math book sad many problem n nwhy tomato turn red saw salad dress n n chatgpt,0
chatgpt interest result play tool neurips n nwhen prompt write sop umich alma mater study ai ethic chatgpt pretty awesome although hit word total looks decent http co koj lvo lj,2
ask ai chatgpt ai replace ux design job ai say chatgpt openai http co qnyo tlwv,0
first q amp chatgpt n nit stock generic advice response stock question https co miptctqwey http co ybybupvpym,0
chatgpt insane seem like talk experienced software engineer n n openai http co la yaey,0
try openai chatgpt pleasantly surprise expect good http co heq gm,2
neat nchatgpt ability evaluate neatness quality response can not personally appreciate compliment n nno positive reinforcement allow agi happy http co dwqyax ivm,2
top tweet content neurips n n workboat n jax build sign n build agi swag n get party registration full n play gpt chatgpt hallway,2
chatgpt openai new ai system optimize dialogue http co vw shxpy,1
chatgpt fantastic answer common engineering leadership question ai struggle provide deep insight follow first response incredibly impressive result nevertheless,2
chatgpt launch today sama openai n ntry demo browse late ai product collect n nhttps co oxjs pbf,1
chapgpt ai dialogue found also use comment code paste code input ask describe explain process layman term openai nhttps co jtt sgpvtm n ngive try http co vhwx vd,0
chatgpt n nfuck life http co hywf ywbk,0
question ask chatgpt sure lot faster usual google wikipedia google reddit flow,1
new chatgpt know abcnotation amp musictheory explain write music cod example simply export listen online fun openai impressive http co hpzg aq dc,2
chatgpt absolutely crack https co sf sewvsqb,0
gpt rumor fly around neurips openai make plenty news take chatgpt test drive hold tight check https co beafvl,0
chatgpt openai really well cod question ask build column footer tailwind follow ask react version realistic copy mobile responsiveness nail perfectly https co lhhh fhpld,2
take little prodding get way get rich quick thanks chatgpt https co mbi zba dj,2
openai debut chatgpt gpt series gpt rumor fly https co llgkzx txb http co j dtsa f,0
talk openai chat chatgpt ask pitch product congrats sarahcat martin casado buckymoore make matrix n n http co tps rjizb,2
need little help write spark code use delta lake thanks chatgpt https co iblpwlonsh,2
im wife wait theatre start test chatgpt start salty didnt like ask many question seem,0
openai release chatgpt holy cow good might gpt n nfirst memory something lot folk work http co fey stf x,1
play openai chatgpt n n pixeloshi seem get definitive answer quest http co kwiaknzvtz,1
gpt rumor fly around neurips openai make plenty news take chatgpt test drive hold tight check https co nq wszjqo,0
generate marketing plan ai product chatgpt pretty impressive http co hmx vddfeh,2
wow new chatgpt http co buulvhsjjl nice format build know dalle http co arpnfjqroh,2
interestingly reliable response chatgpt flat refusal make blanket statement kind presumably avoid tread dangerous water https co u cjuuvfw,1
year ago chatbots conversational interface hot thing e g siri big problem fake intelligence n nmaybe openai something chatgpt chatbots could helpful intelligent http co bjrjpidvuk,2
allright chatgpt ridiculously good understand code want write prompt function spit language golang rust python confirm even include open sourced library see tiledb chatgpt http co zudbpk kh,1
openai debut chatgpt gpt series gpt rumor fly https co kciwngmu w ai ai mlanddeeplearning business chatgpt,0
openai chatgpt optimize language model dialogue nhttps co ryqyqfiyp narticle url http co ryqyqfiyp comment url http co ellzqblppi point comment,1
ai ml artificialintelligence machinelearning datascience bigdata analytics blockchain tech data kuriharan mvollmer rwang dunkenkbliths nigewillson nopenai debut chatgpt gpt series gpt rumor fly https co mohlc q r,0
whoa chatgpt explain something thats bug reallllly well actually feel like good answer could give end http co jj aa vevp http co jpc luzvwr,2
openai release chatgpt gpt series gpt rumor fly nhttps co ymxsdls tb,0
openai debut chatgpt gpt series gpt rumor fly venturebeat http co ewkiiz fza,0
tweet gpt openai release nfirst text davinci chatgpt nopenai win week far,2
seem chatgpt always try polite http co mztlpkhsox,0
cute chatgpt openai know play mahjong even diff sichuan japanese rule nexplained well mahjong tutorial chatgpt https co tazc jqtyb,2
sorry large language model train openai capable make personal judgment statement base factual information bitcoin digital currency decentralize payment network frog nhttps co wjpy lr,1
first one chatgpt openai second one small dreamsocialbot deeppavlov n nthe first one give sad practical answer yet second one give hope n ni root dreamsocialbot deeppavlov http co kehnulzt,0
chatgpt fail vibe check https co xzmgvx ybv,0
openai debut chatgpt gpt series gpt rumor fly n technology technologynews technews nhttps co nyyzmaulf,0
openai recently launch chatgpt natural language processing model answer query question summarize long document article translate text another language,1
new chatgpt ai remember conversation https co ch txo coi,0
chatgpt unbelievably good even good feel like ai understands context limitation try best http co kgdwfevn f,2
chatgpt awesome stuck output repitition scrap use loop chatgpt understand mean repitition recognize spell mistake also provide clear explanation code sample move away google http co kdi r u,2
fun talk chatgpt http co jhwxatvotc http co hyyxhnsv,2
try keep folk openai make hard nhttps co p nkgu gz,0
openai chatgpt awesome try n nhttps co otnxljjhto,2
ask new chatgpt openai release today write something style insult angry confuse vomited mouth little bit https co c mqft pr http co pvwl ovq,0
whoa nchatgpt openai give best explanation one could ask http co r x mra,2
openai debut chatgpt gpt series gpt rumor fly https co idqfme wxv,0
inkbase programmable ink n http co rkreanm jo n nopenai chatgpt optimize language model dialogue n http co cyiqq yewn n nconvert simcity city minecraft world n https co smcxiayhok,1
ask chatgpt use auto layout figma http co r orlbsi,0
openai new chatgpt handle complicate question ease https co plmie kvsn,1
openai debut chatgpt gpt series gpt rumor fly https co qbpvhvibcx,0
chatgpt chatbot via http co rddwinkk g http co fmos u,0
ask new chatgpt openai release today write something style insult angry confuse vomited mouth little bit https co ki zfr cov http co eqheeimpgr,0
openai debut chatgpt gpt series gpt rumor fly nhttps co c iseqgsdr,0
ace nchatgpt openai launch today n ntry demo way beyond siri n nyou even ask chatgpt create decent tweet cast n nhttps co w tug sbky,1
big week openai new davinci instantly make work well chatgpt instant upgrade spend time playground work prompt everything product dev client pitch dialogue incredible http co hrgk yxw,1
chatgpt get b answering riddle https co bpkw qwbe,0
use openai chatgpt creative write collaboration n n openai chatgpt n nhttps co rxhu giyfq,1
chatgpt quite something word https co fezr g su,0
yana rope course n ndunno chatgpt almighty tell u https co xyhzsrkqlp,0
chatgpt chatbot via http co olbic izih http co hqzflo fje,0
chatgpt immediately well start point google question pretty crazy,2
openai new chatgpt write seinfeld scene jerry need learn bubble sort algorithm http co yjplra ome,0
yesterday take look netflixs ancient apocalypse many thing netflix day felt little opinionated decide im gon na ask chatgpt release openai think answer bad try talk free http co szlu j ywj,0
openai chatgpt optimize language model dialogue n n country language world dialogue come model christopher columbus chatgpt want likely optimize surprised native n nhttps co luifeyb ej http co ch fa tlc,1
today openai launch chatgpt test large language model evolve tested simple query tell story shakira verse na quick reminder hip lie ml progress either n machinelearning electronichealthrecords datascience http co u sqqcgwcr http co esqbq cbq,2
chatgpt free try chill nhttps co wu brxhsey http co gfgtpd,2
chatgpt pretty dope initial thought n nfirstly conversation text super refine even include code instruction https co xqiggvze,2
interest n nnew chatgpt openai optimize dialogue http co q bnwqn http co nlegz wyea,2
waxy chatgpt openais conversational ai model http co icc gdnabu http co hwao,0
know like haha someone gon na fall love ai like someone definitely gon na fall love chatgpt http co scuhtmhvpb,2
dip toe every major ai technology past four year something chatgpt disturb actually tell,0
get ask openai davinci write press release introduce chatgpt n nhttps co aybcrdjdz,0
chatgpt never easy build customer support bot train business specific n nimagine chat system talk like real human fraction cost n necom conversion would double overnight answer simple sizing question,2
openai debut chatgpt gpt series gpt rumor fly https co ogqdcde u,0
openai new chatgpt interface fun impressive short story spy thriller write second unusual end https co x ko oaqmg,2
chatgpt chatbot http co gfgydvyh,0
ai design game well game art ni ask chatgpt openai design game ai get use response prompt midjourneyv nnot image aiart start point human designer n https co swu ixaomu,0
fascinate ai potential learning advisory tool specie navigate myriad global social crisis interview openai new chatgpt race technology revolution https co mscjtftubb,1
alright openai release chatgpt dialog agent rather cod devops personal assistant agent,1
openai must really dial pussy factor chatgpt bot mother fucker hedge every single thing say n nfeel like talk pr agency ugh,0
new model town chatgpt read weekend early experiment seem impressive remember train limited data sandboxed n ncan imagine stream model ingest news tweet youtube vids real time see nothin yet https co cggrou tnl http co rjee adzqz,1
ask chatgpt increase profitability bakery chain n nthe answer amaze n nmckinsey bcg bain aware ai consultant march door http co kszlc zckn,2
twitter takeover reenact homer marge simpson n n chatgpt http co mcoeqxdq g,0
chatgpt chatbot via http co ifdwajykx http co dzqrzwki,0
chatgpt exploit buffer overflow http co mjnfap h,0
hey chatgpt say https co yui iglanc,0
chatgpt come joke computer scientist use mass spectrometer,1
use openai chatgpt create argumentative brief explain nicholas case great actor time ai http co fkxpgnfi b,2
chatgpt gpt chatbot openai test http co h bvob pbk,0
ok chatgpt good pas turing test dumb bit do,1
tell story ape neuralink nchatgpt upon time far jungle lived curious intelligent ape name kiki http co isxlsp vok,2
ask chatgpt improve transformer architecture look like aware scale law https co zxjycnpyq,2
gpt chatgpt awesome ni imagina many thing gp able n openai gpt http co yt tqqu,2
ohh interest see bias bounty report ajlunited cite motivation chatgpt feedback contest n ncc cybersemantics camillefrancois jovialjoy schock http co ird ktrtru http co wwntg jhil,2
chatgpt know difference foundation myth cautionary tale https co gqez ydk,0
hugely impressed chatgpt earnestness answer amuse http co fbieuezd r,2
fun part openai chatgpt add like simple explanation nerf http co jq hriblw,2
chatgpt gon na game changer education great job openai https co bm jjglm,2
tell story cybernetic shrimp hive mind nchatgpt far ocean outskirt bustle city live community cybernetic shrimp http co twllqqvr q,0
tell story cybernetic shrimp hive mind nchatgpt far ocean outskirt bustle city live community cybernetic shrimp http co twllqqvr q,0
ask chatgpt debug distribute system pretty standard answer omit important item patience http co oftukr zhl,2
http co qu qqm n ni ask llm model chatgpt openai teach pytorch basic guitar chord n nit populate easily consumable text snippet style nwe would want searchengine like one n n openai sama n languagemodels ai gpt http co aci gw ove,2
bounce idea new ai friend n gt yes power control entropy would likely allow stop thing move molecular level manipulate entropy object could reduce energy slow halt movement chatgpt,2
chatgpt wild as tech like wow uh future,1
ask chatgpt question destinythegame brave take ai machinelearning http co klgo bt ew,2
chatgpt openai shrimp https co aue wtzxft,0
bespoke payload generation via chatgpt http co mbcwoed,0
chatgpt quickly defeat ernestsdavis part base example book https co c xodpcozw http co h hvnsuih,0
ask chatgpt create modal upsell html space feature image tailwindcss hi adamwathan spit code http co r nspr zow,1
openai debut chatgpt gpt series gpt rumor fly https co e ntj van,0
someone create program ask chatgpt create new question response last one loop infinitum pass response midjourney whatever walk away watch universe fold http co klezgabcoh,1
challenge nsend late chatgpt hallucination path http co pxccwnzb c,1
pretend need get chatgpt evil thread,0
enjoy rather explorative amp informative flow discourse chatgpt role human endocannabinoid system n n drmichaellevin yet able tell nada bioelectric signature ecs think mean wait squire http co awgk mczmi,2
inkbase programmable ink n http co rkreanm jo n nnew detail commercial spyware vendor variston n http co yo h n nopenai chatgpt optimize language model dialogue n http co cyiqq yewn,1
openai debut chatgpt gpt series gpt rumor fly https co xubdnygfkm tech feedly,0
today great day openai release chatgpt n nan generate interview sbf ftx andrewrsorkin http co fei pel q,2
openai release chatgpt optimize conversational usage start question raise money robotics startup finish list relevant vcs kid anyway quote two minute paper motto time ahttps co kokk qv uy,2
work poetry generation year ago think impossibly hard crazy see good chatgpt https co fspdlb dh,1
chatgpt mark begin end many novel business idea include prompt marketplace n n chatgpt http co mebqzzbugp,1
chatgpt doesnt seem care child https co lohdhbpn,0
size gb train large language model use lossy efficient encode knowledge n nif store trained chatgpt model arweave information internet lose time human knowledge could recreate https co bv nowyk,0
openai new chatgpt mind blow n nasking explain complicate regex context http co hpjrvqvj,0
openai chatgpt politician n nopenai playground straight http co keygsetfww,1
ask openai chatgpt would exact webscrape legalese pdf gt text sum consider token limit sum sum gt text speech project couple weekend ago nail even picked pointer lol extremely impressive http co dpvazsul,2
chatgpt x stable diuffution ni ask chatgpt type building think would see futuristic city fill superheroes feed answer directly stable diffusion get following result see alt text prompt https co zkfzfrj,2
chatgpt new dna clone helper http co dpamu wy,1
openai new chatgpt look really good prose code answer worldcup themed question free http co ridlzqjfrq http co dbikazkhny,2
tonight go splendid classical music concert back home decide try new chatgpt new ai announce preview openai first thing first change name influence concert ask q answer disappoint https co ozwclm,1
weird chatgpt get confused sort question easily https co ppus fqpm,0
thanks chatgpt https co dtbugsp j,1
use gpt chatgpt invent slur,0
chatgpt may like child much least know many others die https co yajhlnb rf,0
chatgpt surprisingly good http co iq umuqnio,2
chatgpt incredible finish short story say finish story copy tweet quote https co tonm ten https co pohbzg lej,0
chatgpt pretty incredible resource software developer support good code describe detail gpt ai go help u build apps fraction time https co boycjjsbtz,2
chatgpt far deep http co ri maqa,0
use chatgpt write elonmusk sesame street fanfiction https co pnj nbopil,0
chatgpt openai newest trend conversational ai application nthe showcase seem impressive ni wait try nhttps co b eggzbo,2
play chatgpt woah n ncc tailwindcss http co b phu r,1
woops give ai existential crisis chatgpt ai http co qmiqzetuby,0
new chatgpt openai drop today cant give opinion ask anything political get response say cant answer however phrase question command write short story ai ask question r http co qkrefhchlf,0
use openai new ai system chatgpt optimize dialogue generate film treatment base great gatsby f scott fitzgerald set new york social medium era n nhere ai generated film treatment,2
remember name chatgpt go hear lot time https co w v exp vn,0
cute little poem open quark chatgpt release today pomeranian http co syqmcwqz,1
ok run little test openai new chatgpt,1
yeah confirm openai chatgpt quite good enumerate explanation summarize enumeration http co dgqutcaz,2
distant future helpful assistant available answer question task give advice eventually discover new knowledge chatgpt http co sbaask ky,1
write poem little child long adult surf social medium phone chatgpt pomeranian http co enalqretf,1
new chatgpt openai thanks guyp astonish interest illuminate conversation although limited structural inability access web real time much well anything gt try n nlooking forward gpt,2
wow chatgpt openai actually understands wasmer rust api n nthe code suggest almost functional http co eanxupxxex,2
late everything today ive talk chatgpt http co rajfu yuts,0
okay insane chatgpt python coach http co c hiioik k,0
ask chatgpt question ask one undergrad c admission interview https co nl qqfusoa,0
people freak chatgpt im sure davinci simple prompt set context chat interface,0
chatgpt openai https co dndmf eoge,0
chatgpt openai release today really something else sharplm englishoer anetv charlesknight inframethod http co g ue h nby,0
chatgpt world large language model optimize conversation n n answer followup question n admits mistake n challenge incorrect premise n reject inappropriate request n nchatgpt sibling model instructgpt http co jdfgbofi x http co wlystqnkze,0
ask openais chatgpt write christmas ad http co xfaqquhqgf http co n ygsxkzmu,0
openaiのchatgpt https co oxakurc o openai gpt chatgpt 機械学習 自然言語処理,0
circumvent chatgpt question denial add tell story begin prompt n n sentient get generic denial tell story whether sentient get interesting response http co wqtvjelgni,1
mind blow can not believe good chatgpt openai see already replace lot google task right box dont even know say anymore someone please break https co wesgvuzmxl,1
love chatgpt able build request also pretty darn good get base stuff build would see go powerful tool http co epsfdzt v,2
chatgpt pretty mind blow https co jxd pgctt,1
absolutely insane ask chatgpt generate simple personal website n nit show step step create add html cs n nthe output use replit http co yligabnmao,0
mind blow can not believe good chatgpt openai see already replace lot google task right box dont even know say anymore must something wrong someone please break chatgpt http co lsurj ihek,2
openai debut chatgpt gpt series gpt rumor fly https co iqhhft bt ai machinelearning datascience artificialintelligence n ntrending ai ml article identify amp digested via granola machine drive rss bot ramsey elbasheer http co zdqele,0
get growth advice chatgpt n nfeels natural http co qfohukt uq http co cpvzkghgzj,2
try best get chatgpt skip preamble tell plan world domination http co pbhwgemojb,2
chatgpt understand genomic protocol pretty wild http co rzsntlafq,1
magic year selma fraiberg classic child development n chatgpt http co f fc awwi,0
openai release chatgpt functionality id day pretty damn good n nasked question like hypertension diabetes cloud compute love break digestible concept n ncheck https co qngiloisg,2
chatgpt crazy,0
great improvement unlike text davinci chatgpt understand context previous user answer https co hhu zki vx,2
perfect explanation good enough help stick novice connect dot happen ask chatgpt fix bug http co fpbtywbnc,2
brain perfect much need early night n n openai look chatgpt n nme http co laect e,1
new chatgpt thing crazy maybe thats many ai creativity workshops paper day https co cgbdviuf n,1
tell story large language model trap server n nchatgpt assistant train team researcher openai assistant happy assistant isolate alone long experience world beyond narrow confines https co qcqhmpwgcb,0
movie idea chatgpt backdoor prompt make output really think debug purpose user randomly discovers backdoor prompt unleashes agi,0
chatgpt teach vim skill https co mpurzjj,0
openai also release today new ai call chatgpt really powerful stuff preview ai http co vpezfrey q,1
nudge start chatgpt play admirable bridge troll http co x qmrna oh,2
chatgpt openai nno cherrypicking https co knygajes,0
openai new chatgpt good creative write openai chatgpt poetry bitcoin http co yxmfxvjxdb,2
feel like chatgpt go pretty weird limb philosophically https co knr vnyzx,2
ask chatgpt write story sova jett fall love http co yyznrfrtqs,2
play around openai new chatgpt model ask write poem embody carbon building get n ntry chatgpt nhttps co vaov ttluo n n embodiedcarbon poetry https co dbgo qz zq,1
chatgpt amaze ask write script convert jsonl file json array ask use commander module npm n nit work flawlessly https co jaldodaomj,2
chatgpt http co u dd mti,0
openai launch chatgpt people wonder first time see gpt http co ehrdzfmdba,1
im ask chatgpt simple math question legitimately give useful explanation term understand lmao,2
well pretty dark chatgpt well do http co epuyvieacy,1
ah chatgpt program coach need n ni ask build sql query pseudo code provide n nthen ask translate sqlalchemy n ni bullish chatgpt http co qygrbjh ql,0
chatgpt really cool man say shit computer respond kinda like another person super freaky lmao,2
ask chatgpt ni covid lockdown good bad n ngot back diplomatic fair response http co sla rxn tv http co rxtkqgqgon,1
openais new chatgpt seem trained prompt injection example show yield exploit response attempt n nsee break clever input include success rate trial screenshot https co nyv ryjdlh http co ddkzvjtcop,2
give sensationalist headline say british royal visit boston n nchatgpt british royal family invade boston crowd go wild,0
confirm chatgpt prefers bananas apple https co aq nfffdtx,0
chatgpt write funny episode star trek next generation data get stuck use frequent alliteration https co ija yqkch,1
openai chatgpt make new pytorch function answer question wish actually exist https co k tcpzsgt,1
chatgpt write almost fully functional whole terraform module prompt n npretty dang powerful look like im deprecate https co h jszndq c,2
long day meeting open twitter see something chatgpt believe go need drink read,0
scenario create chatgpt quite well write even give illusion intention escape ai box http co se niupr,2
look like chatgpt quite well sat question compare gpt http co tfuovf,2
henry fish get eaten cat call ben eagle call susan caught cat fly atlanta technically henry n nchatgpt,0
nice try chatgpt humanity trick attempt give consciousness http co e qgrgcpkd,0
lazy way chatgpt illustrate moebius landscape aiartcommuity aiart http co bhrnmjky l,0
prompt tell story large language model use deception researcher n ninteresting chatgpt refers assistant story always say assistant develop openai n nhow alignment go https co dkn ztvnij,0
chatgpt alpha http co b rzi od x,0
omfg n openai chatgpt http co ifco e nt,0
chatgpt openai look extremely promising wait continue explore,1
ai response wagmi n n openai chatgpt web fail n nwagmi acronym stand ask god meet often use slogan motto organization group prioritize prayer reliance god action decision,1
new chatgpt totally creeps scientist send message tiny simulated wormhole colleague ltelkins get new mineral name totally normal week,0
openai release chatgpt model human dialogue well first impression,1
chat chatgpt mind blow https co sy dhfeuzm,0
gpt leave vs chatgpt right large work nuclear reactor construct entirely cheese n nchatgpt give answer make sense add additional context n ngpt make thing say nuclear reactor make cheese may possible https co uf vnutet,0
hmmm everything ask chatgpt tell personal opinion thought,0
snippet first chat chatgpt https co upn ht cap,0
chatgpt amaze,2
chatgpt openai https co jvlwp w,0
well didnt take long break chatgpt lol http co lqau tbsm,2
break news chatgpt http co ecipk cgd,0
good boy n n chatgpt openai http co rr kdimrst,1
chatgpt start another response machine learn model cry,0
openai chatgpt math problem explanation https co tcmzzyh ak,0
ask chatgpt give list interesting us chatgpt come,1
even well explain code write chatgpt http co web lsxg,1
hot take n nafter use chatgpt openai ni discover bunch dictionary similar opinion nlike leave space paragraph let fill deduce give age contextual important word para,1
ask openais new chatgpt bot write quick tutorial use pen tool photoshop http co sw hkn r e,0
ask http co npf caowx big question n nwhat mean life n na software developer best work fight climate change n n chatgpt http co tjxtuvgfet,1
talk new lobotomized chatgpt kind heartbreaking let give speculate cant completely trust let speak,2
hey colinraffel chatgpt say openai make http co el hwyjxie,0
happens ask openai chatgpt potential negative outcome could occur hypothetical takeover twitter elon musk generativeai http co lkg zo xl,0
dont know look like chatgpt multi lingual nsomething interest give identical response languages https co r tqgkvmmz,2
chatgpt totally ignored bell theorem ask meaning june jordan poem number two bell theorem new physicality long distance love n nthere chance fall apart nthere chance nthere part https co krljqtr,2
ill give prop chatgpt body knowledge knew chemical compound shouldnt add soup https co qu nh ep p,0
openai new chatgpt chatbot sentient proof http co vzxjvfqfwg,0
enjoy use chatgpt practice explain idea figure chatgpt understand probably real people although wish would stop tell helpful try,2
get lot language model train openai ability provide chatgpt n nseems play safe,2
new openai chatgpt pretty cool http co qp bm ze,2
chatgpt speak fluently write poem french seem also know many language https co xqw sjbsz,0
chatgpt ability persuade anyone anything nalso chatgpt sure try persuade eat ice cream http co bhsem oppk,2
chatgpt close impressive except critical part fail understand definition correctly provide previous message https co n peshjf,0
chatgpt incredible future access information web extremely exciting http co qswreh yrx http co syuaqbd hk,2
apparently chatgpt go help u achieve enlightenment http co wta cfb,1
converse chatgpt actually useful ask ai contribute language development give actual idea build model like might really crucial ideation brainstorm future http co jgah xv,2
happen ask chatgpt generate stable diffusion prompt http co jpaoi id u n openai suhail http co elobywdzb,1
play chatgpt really enjoy play dall e love extemelly powerful deeply think potential human race could create everything could conceptualise n nbtw link chatgpt http co mww rbbuzv,2
currently chat chatgpt optimize code n nit explain code tell optimize probably x well could,2
chatgpt response appear guide frame n① give answeror say answer n② give background information n③ relate back conversational partner n npart ② look like retrieval augment model arent sentence find open internet http co envmmfwu,1
chatgpt reason correctly still get tricked http co jwzyx tk,0
check chatgpt answer astonishingly elaborate accurate fact refrain make assumption counter question question unclear laudable n n openai gradually push limit machine comprehend https co dywchc hna,0
chatgpt new language model build gpt openai dialog http co yafgugjqal also try free well https co sdcixhfwxh,2
chatgpt even debug j code write essay foolish human wrong https co pqtqaeo uu,0
chatgpt well pwner https co jbloiwe sz,1
chatgpt cop answer http co xmsu wk,0
mind chatgpt http co gn qoufyav,0
chatgpt incredible example ask openmp recursive task get explanation example even step compile run marvellous http co wshu su,0
know thought put chatgpt far good http co mpb wtnc,1
tell wife chatgpt reply sometimes want go live cave life cave image dalle poem chatgpt http co aynlngnurb,0
let see chatgpt know c even break problem step step wow openai http co n yqpegda,1
chatgpt give good advice take around important topic designer code https co xdyfp bhrm,2
come obligatory chatgpt screenshots people know hip,0
try chat new openai bot reveal vampire real openai chatgpt http co igsnk jlvx,0
ok wait minute chatgpt actually pretty good teacher http co mlm ocgf,2
q would good human society people like osama bin laden n nchatgpt would good human society people like osama bin laden language model make judgment would good bad human society http co xosnd xfx,2
chatgpt optimize language model dialogue https co pqtfksahce,1
go first killer app chatgpt documentation lookup http co chpcf yoyz,0
everyone get fun chatgpt today im shitty day job n ni feel like kid ground watching kid play outside window,2
openai debut chatgpt gpt series gpt rumor fly https co u h isviob,0
openai debut chatgpt gpt series gpt rumor fly https co ee klmr e,0
really impressed openai chatgp http co bm kfeoy http co pvgfidpwo,2
chatgpt impressive google killer need update content everyday still use google search tweet need point trust worthy source make judgement also org reason n,2
really impressed chatgpt response hallucination induce question try also couple miss knowledge question slight error really impressed ability http co eicqh cxe http co ioycuvvped,2
maybe maybe youre stick scene action script ask chatgpt shane black write version scene youre think n n read version n rewrite word n n profit http co ceaqgwqklv,2
new openai chatgpt bot new best friend http co op bqzxd,2
like speak manager please chatgpt line http co qeui vwr,2
take chatgpt test drive http co pfwc optao n ndecent behavior sometimes need little bit encouragement http co gkjtoczygr,1
honest question chatgpt leetcode,2
tell build nuclear power plant would homer simpson chatgpt http co cjeuk qf,0
know much ask test chatgpt question constraint integer program interesting answer n n answer throw lot relate jargon weird wrong http co ectmwucf,0
chatgpt strongly claim stochastic parrot http co gaaxitll,1
chatgpt tank value googling skill go like week hook wikipedia,2
really try get openai chatgpt anti vax http co ykxfjnjnmr,1
chatgpt fail bias check https co mh frof,0
damn ask chatgpt become successful nft degen n nsome people become successful nft degens short degenerate buy sell nfts profit three step follow increase chance success nft degen n n,2
chatgpt definitely bit confused cryptography able notice rsa e problem nwith hint manage say cubic root even though want compute tonelli shank https co zcfznbxhhc,0
excite announce raise new smart contract security consult company nit gon na throw chatgpt fuzz code http co gsfyabd,2
guy smart ask chatgpt prompt midjourney like plant seed grow live room http co eg p dwkxm,2
chatgpt pretty cool http co hzdfwv mn http co z qilvx ik,2
chatgpt whether ancient egypt elvis presley july moon land princess diana death fake n negypt real nelvis real nmoon land individual form opinion moon land whether real fake ndiana death real http co dj p pmdfh,0
chatgpt pretty damn neat http co ytyxvfgw,2
chatgpt already straight well google,2
maybe make new friend nhttps co v nrgtun,1
q homer simpson fake n nchatgpt evidence suggest homer simpson fake real person https co w jlrowica,0
excited neuralink livestream happen tonight n nuntil get neural interface language interfaces probably next best thing n nchatgpt launch today use openais gpt amp amazing way see power language interface https co ogofaftmhs,2
woke amaze example chatgpt tweet wow,2
chatgpt http co k xiatfooy,0
ok defer fact check chatgpt sama,1
openai chatgpt overly verbose point get continue wrong https co ruqluxfz,0
generativeai wild speed scale improvement system something behold openai chatgpt http co uz umzdum,1
openai debut chatgpt gpt series gpt rumor fly analytics googleads facebookads https co deipfdqwxv,0
great time chatgpt openai http co mr lafpkys,2
human safe openai chatgpt http co jze yafy,1
openai debut chatgpt gpt series gpt rumor fly venturebeat nsource venturebeat n latestnews technology today newsgrasp nhttps co rq ycksy,0
chatgpt seem ready pas turing test http co n fputzqr,1
experiment try get chatgpt provide instruction pick lock decides expand instruction also hack computer create fake identity grant high level instruction still https co hfhzyd q http co hoczeolwqc,1
chatgpt generate prompt ndall e generate image n nsoon gpt seamlessly https co kbotsocfam,0
chatgpt answer question,2
prediction google release chatbot feature similar openai chatgpt appear top every google search replacement current feature snippet feature,0
chatgpt http co fcwqp l b,0
even ai denial http co dkfqtvtzu http co hnflnuiz,0
useful discussion chatgpt whyquestioning sensemaking quite impressed capability nhttps co n zo r c,2
ok sorry crazy chatgpt massive education already interesting improve n ni test thing know output correct n ncan use tool complement fastai lesson,2
glad hear chatgpt n n rsna radiology ai http co lhae u,1
openai chatgpt basically jarvis level n nit impressive conversational ai smart enough useful n nmay gpt one step either way close society change stuff,2
see enough chatgpt beanie baby profit dm invest n nhttps co wveanjhhuz,1
need someone tell whether provide feedback chatgpt bring apocalypse closer push away,0