clean_text_fin_news,Sentiment
geosolutions technology leverage benefon gps solution provide location base search technology community platform location relevant multimedia content new powerful commercial model,2
esi low bk real possibility,0
last quarter componenta net sale double eur eur period year earlier move zero pre tax profit pre tax loss eur,2
accord finnish russian chamber commerce major construction company finland operate russia,1
swedish buyout firm sell remain percent stake almost eighteen month take company public finland,1
spy surprise see green close,2
shell billion bg deal meet shareholder skepticism,0
ssh communication security corp stock exchange release october pm company update full year outlook estimate result remain loss full year,0
kone net sale rise year year first nine month,2
stockmann department store total floor space square metres stockmann investment project price tag eur million,1
circulation revenue increase finland sweden,2
sap q disappoints software license real problem cloud growth trail msft orcl goog crm adbe http co jndphllzq,0
subdivision make sale revenue last year eur million eur million operate profit eur million eur million,2
viking line cancel service,1
ahlstrom corporation stock exchange announcement total new share ahlstrom corporation subscribe option right company stock option program ii,1
fb go green day,2
msft sql server revenue grow double digit sql server premium revenue grow http stks co ir f,2
accord l ñnnen tehtaat ceo matti karppinen company aim deliver fish product customer day earlier currently,1
company share quote nasdaq omx helsinki rautaruukki oyj rtrks,1
elcoteq se list nasdaq omx helsinki ltd,1
two contract turntable anode vibrocompactors deliver gansu hualu aluminum co ltd another unnamed costumer,1
aviva friends life top forecast ahead billion pound merger,2
stead base soft drink usual teho energy drink make fresh water,1
company plan increase unit specialist staff several dozen depend market situation,1
company close last year turnover four million euro,1
shire ceo step drive get baxalta board talk,2
costco premier retail dividend play https co fa cnh cost,2
five storey eco efficient build gross floor area sq also include apartment,1
first installment cinema series conclude profile finnish inventor olavi linden whose personal artistic journey work fiskars lead dozen design award,1
welcome,1
stockmann swedish sector company ab lindex enter agreement september whereby stockmann wholly own subsidiary make public tender offer lindex issue share,2
huhtamaki oyj stock exchange release huhtamaki capital market day institutional investor analyst hold espoo september start pm finnish time,1
pleased welcome tapeks noma cramo group,2
profit tax eur million,1
royal dutch shell buy bg group nearly billion,2
financialwire tm press release service receive compensation news opinion distribution,1
assa abloy kaupthing bank give neutral recommendation share price target crown euro swedish lock maker assa abloy ab,1
item include restructuring cost eur year earlier eur dilute eps stand eur versus loss per share eur,2
bank post net profit lt mn,1
aapl afternoon selloff usual brutal get ready lose ton money,0
tsla recall pretty much every single model x cnnbrk get short even work jump money trade,0
dolce gabbana ask european union declare marimekko corporation unikko floral pattern trademark invalid continue dispute two company,0
intercontinental hotel first quarter global room revenue lag estimate,0
accord finnish pension insurance company varma varma recipient two third revenue earnings related pension cover competitive tendering finland,2
portion million record part winning prior patent dispute finnish phone maker nokia oyj,2
l g still pay price dividend cut crisis chief say,0
volume investment two phase project estimate usd mn eur mn,1
russia account lagardere magazine division revenue eur mn usd mn usa,1
company also estimate already carry investment lead increase net sale reach eur million,2
profit accounting period eur mn,1
six brewery record percent growth domestic beer sale last year million liter million liter sell,2
august october company result tax total eur mn eur mn corresponding period,2
systeemitiimi sale project resource also strengthen director paul skogberg say,2
tesco share price jump q sale top estimate,2
fine print,1
price log clearly improve also price pulpwood go,2
thus sysopen digia accordance chapter section finnish company act obtain title share sentera redeem,1
dilute earnings per share eps fell eur eur,1
p eastern time block contract change hand bid price,1
recent technology delivery include refinery technology anrak aluminium iron ore pelletizing plant tata steel iron ore sinter plant bhushan steel,1
vip similar pattern like begin may u sell go much high drop,2
firm generate sale mln eur,1
stora enso also meeting labor authority employment economic development centre representative government order find solution,1
astrazeneca profit sale stalwart fade,0
rt andrewnyquist chartology yahoo http stks co itr yhoo crazy look chart near breakout resistance line,2
bullish stock twitter dip yhoo gdx googl stz gold ew vz celg sbux scty http co iuzjelfwt,2
finnish geosentric net sale decrease eur january march,0
cohen steer inc share represent share capital voting right,1
staff recruit japan complement network close service location country worldwide,2
paper company negative territory stora enso r shed pct eur upm kymmene pct eur real b pct lower eur,1
kauko telko centralize administration dissolve appropriate part transfer operating activity group administration end year,1
operating profit quarter april june amount eur sale eur bn,1
atrium choose delight attract consumer age group atria fresh range microwaveable meal,1
finnish solution provider affecto oyj hel afe v say today slip net loss eur usd second quarter profit eur correspond period year earlier,1
u sanction put gazprom shell alliance plan jeopardy,0
profit period eur mn eur mn,1
profit period eur mn eur mn,2
operating profit fell eur mn eur mn second quarter,1
however sale return growth april june ceo pekka eloholma say,2
operating profit total eur mn net sale,1
change market situation tougher price competition substantially reduce demand bread packaging manufacture kauhava plant accord company,0
connection deal digia employ person nokia oslo silicon valley usa,1
brazilian unit finnish security solution provider f secure sign new client last year online news source reseller web quote division commercial director vladimir brand úo say,2
fair value company investment property go eur billion end eur billion year earlier,1
dealer say share largely hit investor disappointment refine margin usd per barrel quarter performance ship unit saw ebit drop mln eur mln eur year amid fall volume tanker rate,0
testament quality lte solution commitment japanese market add,1
company aim finalize negotiation sign contract start october,1
metso foundry jyvaskyla oy discontinue production line september company say,1
total six poll analyst rat real two give buy accumulate three give hold one give sell,1
september finnish group agree buy danish company rise poultry eur combination cash stock,2
yang double bottom,2
tesco share price grocer face sfo investigation outcome,0
aapl news become bullish http stks co tmu,2
g engineering install valve liquefy natural gas lng plant build uae lng extraction gas plant operator gasco ruwais uae,1
percentage share vote right calculate proportion total number share register trade register total number voting right relate,1
real say ground rumor circulate market month,1
lember say matter topical also estonia bill draft social affair ministry would scrap old age pension favorable condition,1
moody say give p long term senior unsecured p p short term debt rating finnish lender aktia bank eur bn usd bn euro medium term note emtn program march,1
tsla recall,0
liquidity provide interrupt may aspocomp group oyj share trade cent aspocomp stock exchange release,1
hargreaves lansdown buck weak market see asset rise percent,2
pm omx helsinki index pct low,0
decision mean temporary lay offs fix duration company nastola jyvaskyla unit southern central finland respectively,1
value order eur mn,1
m laakso responsible hkscan hr function development group smarket area,1
fiskars also engage global supply marine energy equipment solution service associate company wartsila corporation,1
aberdeen asset management gain foothold china,2
finland dominate rail company vr planning set infected passenger long distance trip separate carriage,1
november finnish government decrease ownership company percent percent,1
finnish exel composite technology company design manufacture market composite profile tube various industrial application report net sale decrease second quarter eur mn eur mn corresponding period,1
bavelloni nst joint venture bavelloni tool completes semiproducts produce italy high quality tool sell diapol brand,1
tool patent pending design allow consumer lay entire project removable plate use multiple clear stamp kind,1
googl short upper bb overbought,0
light curfew curl late bestseller treat eye perfect read light luceplan,1
upm kymmene corp world large maker magazine paper tuesday report percent profit drop low paper price higher cost strong euro hurt revenue,0
total value contract eur million,1
prerequisite inclusion program receipt gain key employee acquire aspo share amount determine board advance maximum,1
mr doring eaton since acted business unit manager eaton power control business unit since january,1
sq sq ft store copenhagen premier shop district inaugurate today strengthen company presence nordic capital,2
financial statement first quarter tikkurila report discontinue operation,1
world second large stainless steel maker say net profit three month period dec surge euro million u million euro u per share euro million euro per share previous year,2
name applicant jot automation oyname inventor mammila tuomo piirainen mika kellokoski mikaapplication kolnp adate filing application publication date,1
netflix grows effort create loyal customer nflx https co qxbkobphe,2
omx nordic omxn index comprise trade nordic stock nasdaq omx exchange close point thursday,0
aapl nibble small long via buy min chart,2
operate margin aker yard cruise ferry division go first quarter,0
tyc break new high lot technical look great right,2
eero katajavuori currently group vice president human resource take year long sabbatical start october,1
whats lulu number look good great good think conference call instill confidence,1
adjustment measure carry phase secure delivery capability,1
alma medium corporation press release march tyrvaan sanomat paikallissanomat buy suomen paikallissanomat two local paper tyrvaan sanomat paikallissanomat appear sastamala neighbour municipality buy suomen paikallissanomat oy,1
temporary lay offs affect entire workforce also implement,0
meet medium analyst hold day stonesoft headquarters helsinki italahdenkatu interim report present stonesoft ceo ilkka hiidenheimo,1
finnish sampo rosenlew manufacture approximately seven forest machine monthly half machine export,1
facebook near buy point last week face different technical test today https co c llmpinm fb aapl nflx http co fpfbytypuy,2
february finnish broadband data communication system provider teleste oyj hel tlt v say wednesday net profit rocket eur eur lift dividend proposal,2
free ha heeeeeere come pump glad pick k end day get ready bull ride,2
finnish technology group aspocomp group oyj omx helsinki acg v issue third quarter report thursday november post operating profit eur compare loss eur third quarter,2
building complex consist high quality office retail space total square metre company say,1
finnish insurance company fennia kesko group end loyal customer cooperation,1
unit plan operational second half full stream,1
itg share deal estimate euro,1
plant expect enter commercial operation mid,1
aspo also investigate sale opportunity kaukomarkkinat electronics business,1
bg group appoint new ceo one month early,1
acquisition immediate positive impact aspocomp financial result,2
finnair passenger load factor measure number sell seat share available seat drop percentage point september,0
rt bman lng look prim also eght poise run,2
also pct month volume weight average price stock,2
coke dividend google dividend passive income coke take goog ko http co qbsowjxost,1
profit tax eur mn eur mn year earlier,2
subsidiary set facility manufacturing high density interconnection print circuit board pcbs nokia special economic zone sriperumbudur near chennai,1
crm sep call since entry bang http stks co dedm,2
january june dilute loss per share stand eur versus eur first half,0
rapala say estimate make saving mln eur year centralising french operation one site,2
vmw get nice push today follow small sweeper may c morning,2
top consensus forecast earnings euro share,2
r loan,1
future company intend look know outside company cooperate actor sector,2
need ready window open rosberg say,1
tonne asphalt mix use contract,1
pa jpmorgan chase co nyse jpm pohjoa bank joint lead manager senior unsecured deal,1
ctrp break good vol parser buy signal notice bob langs comment look fast,2
sale finland decreased january sale outside finland drop,1
pulp production finnish kemij ñrvi also liquidate employee loose job,0
nordea cheapest also couple debt,1
jussi pesonen member sampo board since renounce seat sampo board,1
tesla recall model x car https co z bkvstl tsla,0
adjust change group structure division net sale increase,2
make matter difficult company say grapple high oil gas price push cost energy raw material transportation,1
amend proposal simplifies propose plan increase incentive key employee stay company,2
solution expand include ground staff task,1
operating loss total eur mn compare profit eur mn third quarter,0
fedday look sharp move equity aapl hd low fb see uvxy tvix get hammer even though market,2
net sale total eur mn eur mn corresponding period,2
consequence work council withdraw petition suspend reorganisation,1
ceo erkki j ñrvinen happy company performance,2
comparable net sale expect increase line group target,2
follow transaction lundbeck worldwide right nalmefene exclude north america mexico turkey south korea,2
government start sell last month put percent stake teliasonera auction bloc,1
report go provide detailed profile ten lead european specialty chemical company brief profile major player,1
operating profit net sale three month period increase respectively eur eur compare corresponding quarter,2
company expect net sale whole previous year level,1
company headquarter sievi finland list nordic exchange helsinki,1
commission income increase eur mn lending volume rise,2
finnish company sell uk operation consist staff office london birmingham manchester part deal hampden july european wide property casualty arm sampo industrial,1
building home improvement trade sale decrease eur mn,0
innova building locate close downtown immediate vicinity paviljonki travel center within walk distance heart city thanks trade fair bridge,1
finnish textile clothe group marimekko oyj posted net profit mln euro mln compare mln euro mln,1
main strength cooperation project lie merge know two large company,2
shareholder right put agenda agm item within competence general meeting,1
kazgiprotsvetmet outotec finland sign agreement strategic cooperation marketing provide mineral process metallurgical plant relate service kazakhstan surround country,2
due rapid decrease net sale personnel reduction carry wide scale initially expect,1
government instead propose exchange state stake lmt teliasonera stake lattelecom,1
stora due release fourth quarter full year earnings feb,1
full year operate result million negative,1
nq get hit hard low look like found support http stks co z,0
avc systemhaus net sale eur million usd,1
company establish g base station foot foot mount everest enable mountain climber foot summit surf internet even send video exploit,2
offer customer solution base renewable raw material,1
survey conduct taloustutkimus sampo life show company badly prepare lose key staff member,1
antti orkola president kemira growhow industrial solution unit tell thomson financial news company put open mine price phosphate quite depress long time,1
pretax profit group life insurance business increase eur eur,2
make available follow brand new market analyse cement pakistan cement malaysia cement taiwan cement philippine analyse give clear overview actual situation future outlook cement industry asian country,1
company serve approximately customer country,1
rt alphatrends vmarkets still act weak http stks co agn spy qqq xlf smh iwm,0
operating profit total eur mn eur mn year earlier,1
one installed elevator double deck elevator enable efficient use building core space,2
helsinki afx outokumpu say agree sell hitura nickel mine finland canadian group belvedere resource ltd mln eur worth belvedere share,1
go long ilmn,2
social network location base service trend comprise significant share internet traffic today appeal mid user,1
total order value book fourth quarter remainder book second quarter,1
johnson matthey share price slump company post full year result,0
previous share subscription stock option,1
affectogenimap build highly customise solution customer finland baltic country,1
close transaction schedule take place january,1
however offering probably make current valuation partly derive deal company merge stock market shell,1
operate result month period decrease profit eur turnover decrease eur compare,1
administrator indicate need job cut irish insurer next month,1
net sale expect level,1
technical indicator stock bullish p give nok positive star buy rank,2
revenue quarter total billion percent billion fourth quarter,0
n viro operate process facility independently well partnership municipality,1
number bodily injury case quadruple,0
accord ringman finnish paper company acquire know capacity paper recycle turn successful strategy,2
company also say poland profitability program launch oborniki steel frame sandwich panel plant,2
u energy executive say high steel price threaten energy exploration,0
tesco sale rise show tentative recovery continue,2
finland launch tie sale g mobile phone cause dramatic rush mobile retail outlet first day,1
nuan hold well big gain maybe finally move still undervalued major upside,2
company split two part come month essent own operate production supply enexis owning operate grid,1
official disclose contract value,1
london lead share today jump almost point market open,2
third quarter fiscal efore swung net loss eur versus net profit eur corresponding period fiscal,1
group operate loss eur mn profit eur mn,1
move trigger weak demand forestry equipment uncertain market situation,0
combine company pro forma net sale mln euro mln operating profit mln euro mln,1
manage director kari inkinen say sponda lease operation develop highly favourably,2
march goldman sachs estimate negative prospect norwegian mobile operation norway telenor asa osl tel sweden teliasonera ab sto tlsn short term,0
tsla steam stock relentless moment,2
marathon estimate value remain stake protalix million,1
whitbread share price climb q sale growth,2
incap contract manufacture subsidiary incap corporation finland,1
operating profit total eur mn slightly eur mn correspond period,2
go market yield guidance area give u flexibility go th,1
rt stockdemons think short close might play spy high beta reverse look worth shot,0
vdw combine lxe device enhance productivity enable worker use single device perform voice scan keyboard function,2
thus method cut work cost fasten plan building process,2
talentum net sale september small expect,0
copyright afx news afx financial news logo register trademark afx news limit,1
lnkd daily phase retest price experience early rejection retest http stks co xx,0
rb reportedly appoint howard davy next chairman,1
tesco asda sale fall march discounter continue kantar,0
new version important u introduce bim process base detailed building information model,1
sampo plc jarmo salonen head investor relation group communication tel distribution nasdaq omx helsinki principal medium financial supervisory authority www sampo com announcement distribute thomson reuters behalf thomson reuters client,1
barronsonline see apple share year today grow service business aapl http co bdnekn l,2
pharmaceutical market poland global research data service publish recently market analysis pharmaceutical market poland,1
altogether finnair cancel flight strike,0
employer together health personnel support quit pay part cost nicotine treatment,1
pretax loss total eur mn compare loss eur mn corresponding period,1
order include ship crane deliver container feeder build wenchong shipyard china,1
copper lead nickel also drop hbos hbos plummet penny say year ó,1
goog test day consolidation http stks co h cpj,2
join technopolis kone hold various position within group recently director service business business development kone middle eastern operation,1
succeed increase market share sell apartment comment mr kari kauniskangas head yit international construction service,2
profitability ebit compare previous year period,2
finnish geosentric net sale decrease eur january march,1
plant schedule completion late february hand area january two supplier nokia aspocomp group oyj perlos announce plan establish plant within nokia complex together invest r crore,1
upm kymmene upgrade line underperform goldman sachs,2
slump weir lead ftse record high,0
jan ford struggle face slow truck suv sale surfeit date get ta car,1
royal mail breach competition law delivery service change ofcom claim,0
cooperation involve arena partner buy share new joint venture company operate alma medium home sale vehicle consumer advertising marketplace business,1
efore plant saarijarvi central finland one large employer region,1
however short term rental become popular,1
emsa deputy chairman board juri lember tell bns wednesday first time hear strike swedish side inform estonian union yet,1
tesco close new chairman dixons carphone john allan frame,2
device offer multimedia performance along host productivity application include live stock price,1
sale climb pct bln eur surpass mln eur consensus figure,2
fb turn back early trading http co reuf pzhbm,0
utah capital want next u headquarters amer sport corp ski equipment company,1
old mutual first quarter sale buoy emerge market,2
dividend payable february shareholder record january,1
sale finland decreased january sale outside finland drop,0
furthermore bunge also sign license agreement sunnuntai carlshamn mejeri brand,2
kesko corporation stock exchange release kesko corporation aspo plc today sign agreement aspo acquire share capital kauko telko ltd subsidiary wholly own kesko,2
lulu outlook q lose revenue range million million good,0
mobile communication wireless broadband provider nokia inc nyse nok today set new financial target forecast nokia mobile device industry also nokia siemens network mobile fix infrastructure relate service market,1
poyry plc additional information heikki malinen president ceo poyry plc tel poyry global expert consult engineering,1
danish company flsmidth acknowledge violated patent hold finnish metso,1
amanda capital investment private equity fund unquoted company mainly europe,1
net interest income eur mn eur mn,2
jeder beta tester erh ñlt kostenlos sechs monate lang update und hat laut eigener aussage die âglichkeit die finale version zu beeinflussen,1
jp morgan expect scala low nobel biocare growth forecast current guidance pct well operate margin target current pct,1
aviva promise high dividend boost flagging share price,2
addition mids always online enable full internet browsing,1
fiskars strong portfolio international brand include fiskars iittala gerber silva buster,2
tesla model x recall add reliability issue tsla https co jvxq doxnp,0
name buyer disclose,1
net sale vegetable oil business rise eur mn eur mn,2
agreement benefon forthcoming range twig integrate gps navigation mobile phone device use jointly develop web base track location technology consumer commercial application,1
follow increase huhtamaki register share capital eur number share outstanding,1
three year turn around program expect ensure salomon future competitiveness company say,2
autumn plan expand service st petersburg moscow launch service yekaterinburg russia fly three time week,2
company profit total l h year year,0
federal secretary transport communication mexico award poyry mexican partner sintra consulting contract connection buenavista cuautitlan suburban railway,2
fda approves astrazeneca drug advance lung cancer,2
order include metso fourth quarter order backlog,1
lieksaare oy earlier regard control saarelainen oy individual shareholder shareholder agreement,1
ragutis control finnish brewery report per cent rise beer sale million litre hold per cent market share,2
mcp roll new intraday low bottom picker continue get destroy,0
company annual turnover eur,1
branch finland annual revenue finland,1
portfolio comprise leasable space vacancy rate roughly let around tenant two large swedish government ericsson,1
wpp boost sale despite cautious client,2
medium term operative target company remain unchanged,1
adp news feb finnish retailer kesko oyj hel kesbv say today total sale exclude value add tax vat stand eur million usd january year yea,0
consumer well receive pack fresh meat,2
correct chapter entirety,1
major part delivery include different ac cxe amplifier solution product dinh telecom company acquire teleste last spring,1
tietoenator use nokia intellisync mobile suite wireless email calendar device management capability company extend service customer,2
provide heat form hot water sawmill need,1
however net sale decline eur million eur billion,0
second quarter raute net loss narrow eur eur million period,2
dgi technical alert gilligan island buy setup stochastic buy signal lizard bullish hammer candlestick wid http stks co c nu,2
record date dividend distribution march,1
h move enhance growth,2
ebrd use fund provide million loan b portion million euros syndicate two finnish commercial bank nordea bank finland plc million euro pohjola bank plc million euro,1
stockholm march cybercom cybercom group high tech consultancy offer global source end end solution,1
say lose five family month economy many make alternative arrangement save money,0
milan afx italian ship group grimaldi increase stake finnish company finnlines pct pct hold june accord news agency ansa,1
comment deal shane lennon svp marketing product development gypsii say,1
external net sale print business fell partly due termination printing contract ilkka yhtyma print house print oy sector player hss medium ab december fall printing price,1
group intend relocate warehouse office space loudeac saint marcel morvillars east country already operate hook manufacture distribution unit,1
firm headquarter vantaa southern finland employee,1
pm omx helsinki pct low omx helsinki pct volume mln eur,1
honor recognize gartner specialist business process model analysis company many large software vendor world,2
westpac bank corp issue benchmark year frn deal euro,1
include company brand share data category well distribution channel data,1
new share subscribe stock option shareholder right commence date enter trade register,1
aapl price momentum weaken go close,0
acquisition solteq expand solution offer microsoft dynamic business software product,2
company profit total l,1
leed internationally recognize green build certification system develop u green building council,1
however market share shrank per cent per cent year earlier,0
talktalk hire bae system investigate cyber attack,0
look like book one way ticket week near lose week lulu http chart ly xb h b,1
ftse lead low glaxosmithkline,0
exercise price option base safran software solution license maintenance sale well result company,1
full year operate result million negative,0
company say production volume far indicate circuit capable target output rate tonne per day million tonne year,1
jun boy genius report deliver newstex nokia nyse nok n huh,1
come decision base preliminary economic operational environmental finding karvinen say,1
new majority owner aspocomp thailand co ltd certain private person belong immediate circle aspocomp present joint venture partner saha pathana inter hold plc,1
mln euro mln base acquisition price pay cash rest subscription offer total new ixonos share,1
establish srv group private finnish construction concern operation finland baltic country russia,1
business section also include ahlstrom sustainability report,1
lemiste city environment knowledge base economy provide work people total turnover company amount eek bn say lo p ñrnits chairman supervisory board lemiste city mainor,1
jacob support storengy investment develop storage site since owner engineer,1
company earlier say consider different strategic option struggle low cost mobile operator include divestment hold,1
sainsbury asda tesco morrison cut petrol price oil fall,0
barclays sell benchmark index unit bloomberg,2
operating profit fourth quarter fell eur eur year earlier,1
finnish forestry company upm kymmene waste management company lassila tikanoja say jan planning produce ethanol energy commercial industrial waste,1
ism disclose financial result daily say,1
contract cover manufacture surface treatment installation steel structure,1
finnish metal industry solution supplier outotec oyj net profit rise mln euro mln first nine month mln euro mln period,2
deal know pay sek usd eur cash stock,1
first nine month company net profit rise eur eur corresponding period,2
aapl dma turn macd crossover half hair away weekly eod break likely,2
protalix million cash sale,1
bearish outside day tuesday significant day resistance still intact opinion sd http chart ly bey,0
right reserve,1
operate nokia support nokia netact network service management system,1
mr priit kasak balti metsamasina owner say rakvere base company wish increase valmet market share third couple year,2
shire see baxalta deal closing expect new rule,2
sainsbury cfo rogers replace home retail ceo walden,1
marathon percent stake plx say accord bloomberg,1
simmons elect dcuc chairman portsmouth n h gordon simmons ceo service credit union elect chairman defense credit union council term,1
sanoma news advertising sale decrease year,0
pharmaceutical market czech republic global research data service publish recently market analysis pharmaceutical market czech republic,1
finnish construction company yit reduce number start ups market finance residential unit previously announce,1
cash flow operation recent quarter also reach eight year low,1
tietoenator pct extend recent low last week second quarter report dealer say,0
maritime administration say ship ignore warning icy condition,0
synergy pharma soar today positive phase result sgyp http stks co j awg,2
operating profit rise eur mn eur mn correspond period,2
make matter difficult company say grapple high oil gas price push cost energy raw material transportation,0
vrtx vertex monthly low hi lower lo long term uptrend intract far,2
financial detail disclose,1
include software development internet mobile telephone content communication value add software financial service security application system integration electronics ebrd inform,1
yit lodge counter claim neste oil total eur primarily base work carry contract additional cost incur due prolongation project,1
follow berkshire hathaway apple stock,1
total amount subscription price record fund invest non restrict equity,1
tsla th wave hour chart hammer candle develop close sma might good spot call,2
strong growth see new market russia czech republic slovakia,2
tower engineer create degree westward lean four time inclination lean tower pisa use diagrid structure align geometrically use tekla structure bim build information modeling software,1
amer buy salomon adidas october say job cut aim boost competitiveness,1
acando ab acanb s fell percent kronor low close since dec,0
measure suominen corporation aim ensure competitiveness flexible packaging business long term,2
ifhedieshedies bullhorn znga short get nervous,2
financial statement release available publishing company internet page www cargotec com,1
world glass come egypt invite visitor around world attend glass world exhibition register www glassworldex com,1
comparable operating profit total eur mn eur mn corresponding period represent net sale,0
raw material come europe u pay euros u dollar sale take place ruble,1
adpnews may finnish cutlery hand tool maker fiskars oyj abp hel fisa say today net profit decline eur million usd first quarter eur million correspond,1
maximum new share subscribe exercise b option stock option plan,1
inspects company strategic strength weakness,1
plan closing date provide,1
lemminkainen group headquarter helsinki finland operate sector construction industry civil engineering building contract technical building service building material industry,1
implementation deal subject approval finnish competition authority,1
microsoft also churn courtship agree use navteq mapping service offer company nokia buy billion year ago,2
geosolutions team provide intrigue new technology combine gps mobile base technology together internet base social networking,1
c expo signature show dongguan support dongguan municipal government every year feature computer accessory software communication network product,1
pharmaceutical poland brand new market analysis give clear overview actual situation future outlook pharmaceutical market poland,1
trade new share right dividend distribution fund start exchange helsinki tomorrow,1
dual fuel engine vessel operate liquefy natural gas lng low emission,1
among finnish share trade u stora enso close pct lower eur upm kymmene pct eur metso pct eur,1
addition presentation hold president ceo kai telanne cfo tuomas itkonen participant opportunity discuss member company management,1
change holding accordance chapter section finnish security market act describe,1
capman partner able develop business continue focus provide quality restaurant service customer say christopher wynne ceo papa john russia,2
crane would instal onboard two freighter order singaporean ship owner masterbulk,1
business divest generates consolidated net sale eur million annually currently employee,1
adpnews feb finnish real estate investor sponda oyj hel sda v say today slip net loss eur million usd profit eur million,1
company eur bn asset count among five large shareholder finnish insurer ilmarinen varma well finnish state pension fund ver,1
addition employee lay notice whole workforce lay short period need,1
chessnwine iwm minute chart small cap threaten descend triangle breakdown http stks co r kkm,0
corporate update c communication ltd finnish technology group teleste corporation omx helsinki tlt v report wednesday february operating profit eur net sale eur year,1
stockholm base nordea bank sto nda say yesterday hire casper von koskull lead corporate merchant bank capital market unit effective september,1
total need staff cut correspond man year,0
finnish fiber plastic product maker suominen corporation say net loss narrow mln euro mln first nine month mln euro mln period,2
companiesfresnillo share jump silver price break,2
bluewin security available monthly subscription,1
operating profit eur mn eur mn,2
finnish raisio diagnostics launch new dna base quick test ensure safety food,2
non recur cost cause talentum premedia business area restructuring amount mln euro mln include company financial result second quarter,1
finnish software developer basware oyj say november u subsidiary basware inc order provide software contract lifecycle management unnamed u medical technology company,2
chain unite centre end,1
important thing keep bank exist customer,1
price stainless steel also rise europe,1
sweden gallerix accumulate sek denominate sale eur denominate sale,1
isrg isrg short http stks co f vvu http stks co c qrm,0
dara breaking,2
total new citycon share nominal value eur per share subscribe april exercise b c option base company stock option plan,1
aapl sure short hold breath hop miracle lol,2
management decide end increase cathode copper capacity,1
image data produce browser phone server convert bitmapped image send handset display,1
shire say internal synergy goal baxalta deal high,2
one large project magazine division sanomawsoy sanoma magazine international become launch russian magazine gloriya,1
finnish airline finnair start temporary layoff cabin crew february,1
seller founder company,1
foodservice consumer good market serve approximately people manufacture unit several sale office country,1
acquisition frozen food fish sector long synergy l ñnnen tehtaat business,1
gnrc find support day line far,2
transaction agreement metsaliitto purchase metsa botnia share upm real,1
britain ftse fall back ashtead commodity pressure,0
sale seppala diminish per cent,1
bbry bye bye sammy hello bb sound like see green tomorrow,2
capacity cut passenger load factor percentage point,0
rockwell collins provider flight deck cabin information management solution business aircraft operator,1
floor area yliopistonrinne project sq building gross area total sq total facility let,1
nflx vision short term consolidation movement high http stks co j uu,2
theodosopoulos say tellabs could value nokia siemens nortel give lead supply status verizon along high growth product,2
current position manty work since,1
new production plant company would increase capacity meet expect increase demand would improve use raw material therefore increase production profitability,2
analyst view astrazeneca share see recent volatility,0
earnings per share eps drop eur eur,1
transaction tikkurila powder coating relate operation company say,1
arm holding plc domino pizza group plc asos plc must growth stock,1
pearl plaza llc joint venture srv shanghai industrial investment holding co ltd conclude investment decision construction first phase shopping center saint petersburg russia,2
measure result decrease demand technical design product information,1
finnish financial group aktia report operating profit eur mn january september eur mn correspond period,2
key price watch nflx previous double top reject http stks co siyn,0
finnish glass technology company glaston oyj abp net profit decrease mln euro mln first nine month mln euro mln period,1
city spirit sink diageo come short sale slide,0
operating loss increase eur mn loss eur mn,1
alexandria va june michael g williams newbury park calif develop network device,1
olvi post strong set figure first six month year,2
stanchart rbs struggle bank england stress test,0
begin year wartsila secure order deliver four gas fuel main engine propulsion machinery vessel,2
january november group sale total eur mn drop period,0
glaxosmithkline target growth across unit scrap viiv ipo,2
bhp billiton share price brazil sue samarco â bn,0
come complete lcd touch screen system selection choose function price start around pound mark,1
revenue quarter fell percent euro billion compare year earlier,1
split company would series share series k share,1
le coq special develop bicentenary company trade mark brewer say,1
arcelormittal chief executive officer lakshmi mittal already cut output furnace,1
operating profit fell eur mn eur mn,1
bridge part highway development project,1
kesko agro lietuva agricultural machinery grain trader another member kesko group boost sale percent million euro vat inclusive,2
adpnews dec finnish cutlery hand tool maker fiskars oyj abp hel fisa say today make redundant total office management staff member subsidiary iittala group ltd,0
metso foundry jyvaskyla oy discontinue production line september,1
sale price disclose,1
helsinki afx retail wholesale group kesko reported net sale mln eur february increase pct year year,2
february new word identity document act make mobile id state approve electronic document february st enter force,1
antti orkola president kemira growhow industrial solution unit tell thomson financial news company put open mine price phosphate quite depress long time,0
alone,1
february finland base steel maker rautaruukki oyj hel rtrks ruukki say today slip large expected pretax loss eur fourth quarter year earlier profit eur,0
sale savcor face cencorp result profit loss yet determine owe factor include valuation consideration share receive prevailing exchange rate,1