clean_text_fin,setiment
accord gran company plan move production russia although company grow,1
technopolis plan develop stage area less square meter order host company work computer technology telecommunications statement say,1
international electronic industry company elcoteq laid ten employee tallinn facility contrary earlier layoff company contract rank office worker daily postimees report,0
new production plant company would increase capacity meet expect increase demand would improve use raw material therefore increase production profitability,2
accord company update strategy year basware target long term net sale growth range operating profit margin net sale,2
finance aspocomp growth aspocomp aggressively pursue growth strategy increasingly focus technologically demand hdi print circuit board pcbs,2
last quarter componenta net sale double eur eur period year earlier move zero pre tax profit pre tax loss eur,2
third quarter net sale increase eur mn operating profit eur mn,2
operating profit rise eur mn eur mn correspond period represent net sale,2
operating profit total eur mn eur mn represent net sale,2
teliasonera tlsn say offer line strategy increase ownership core business holding would strengthen eesti telekom offering customer,2
stora enso norske skog real upm kymmene credit suisse first boston cfsb raise fair value share four large nordic forestry group,2
purchase agreement ton gasoline delivery hamina terminal finland sign neste oil oyj average platts index september plus eight u dollar per month,2
finnish talentum report operate profit increase eur mn eur mn net sale total eur mn eur mn,2
clothe retail chain sepp æl æ sale increase eur mn operating profit rise eur mn eur mn,2
consolidated net sale increase reach eur operating profit amount eur compare loss eur prior year period,2
foundry division report sale increase eur mn eur mn correspond period sale machine shop division increase eur mn eur mn correspond period,2
helsinki afx share close high lead nokia announce plan team sanyo manufacture g handset nokian tyre fourth quarter earnings report beat analyst expectation dealer say,2
incap contract manufacturing service pvt ltd subsidiary incap corporation finland plan double revenue,2
board director propose dividend eur per share eur per share pay,2
lifetree found revenue rise average margin late,2
filippova trilateral agreement investment construction technology park st petersburg sign course forum day russian economy open helsinki today,2
megafon subscriber base increase million user december market share number customer amount late late accord teliasonera estimate,2
net income life insurance double eur mn eur mn net income non life insurance rise eur mn eur mn correspond period,2
net sale increase eur eur pretax profit rise eur eur usd,2
net sale surge eur teleste say eur sale come acquisition make,2
nordea group operate profit increase percent year year billion euro total revenue percent billion euro,2
operating profit nine month period increase eur net sale increase eur compare corresponding period,2
operating profit nine month period increase eur net sale increase eur compare corresponding period,2
operating profit three month period increase eur revenue increase eur compare corresponding period,2
brazilian unit finnish security solution provider f secure sign new client last year online news source reseller web quote division commercial director vladimir brand say,2
company net profit rise year million euro sale million euros year company say early,2
lithuanian beer market make million liter january rise percent year earlier figure lithuanian brewer association report cite result member,2
viking line cargo revenue increase eur mn cargo volume increase cargo unit,2
fair value property portfolio double result kapiteeli acquisition total eur million,2
february finnish medium company sanoma oyj hel saa v say yesterday net profit almost triple eur eur announce proposal raise payout,2
helsinki eliiv today report eps eur increase eps eur,2
aspo plc stock exchange release february esl ship ltd part aspo group sign new long term contract rautaruukki corporation marine transport raw material baltic sea,2
commission income increase eur mn lending volume rise,2
january traffic measure revenue passenger kilometres rpk go capacity measure available seat kilometre ask rise,2
january september fiskars net profit go year year eur million net sale eur million eur million,2
net income life insurance rise eur mn eur mn net income non life insurance eur mn eur mn,2
nyrstar also agree supply talvivaara tonne sulphuric acid per annum use talvivaara leach process period supply zinc concentrate,2
sale department store division hobby hall increase sale clothe store subsidiary seppala decrease,2
sale rise export market,2
sale increase due grow market rate increase operation,2
agreement strengthen long term partnership nokia siemens network,2
agreement sign biohit healthcare ltd uk base subsidiary biohit oyj finnish public company develop manufacture market liquid handle product diagnostic test system,2
company also estimate already carry investment lead increase net sale reach eur million,2
company order book stand bln euro bln september pct year international order amount mln euro mln,2
company say paper demand increase main market include publication paper increase average paper price percent compare last year,2
world second large stainless steel maker say net profit three month period dec surge euro million u million euro u per share euro million euro per share previous year,2
within framework partnership nokia siemens network sign initial framework purchase agreement sitronics subsidiary jsc mikron large manufacturer exporter microelectronic component russia,2
seppala revenue increase eur finland revenue go eur sale abroad rise eur sale increase baltic country well russia ukraine,2
share standard charter stan rise ftse royal bank scotland rbs share rise barclays share barc bcs,2
share nokia corp rise thursday cell phone maker say third quarter earnings almost double share global handset market increase,2
financial report publish friday seb say net profit soar sek bn year earlier sek bn propose dividend increase sek per share,2
sale department store division increase sale clothe store subsidiary seppala increase meanwhile sale hobby hall decrease,2
request finnish medium company alma medium newspaper research manager jari kaivo oja finland future research centre turku school economics draw future scenario finland national economy use model develop university denver,1
sweden gallerix accumulate sek denominate sale eur denominate sale,1
company support global customer develop new technology offer fast route product development application volume production,1
investment place atrium plan expand moscow market,1
new agreement continuation theagreement sign earlier year lemminkainen group whereby cramo acquire entire construction machine fleet oflemminkainen talo oy ita ja pohjois suomo sign asimilar agreement say tatu hauhio manage director ofcramo finland,1
first contract envisage construction three ferryboat option two unit confirm total value mln euro mln,2
june sell percent stake nordstjernan investment group take option acquire eqt remain share,1
kesko corporation stock exchange release kesko corporation aspo plc today sign agreement aspo acquire share capital kauko telko ltd subsidiary wholly own kesko,2
sponda plc stock exchange release december eur billion syndicate credit facility sponda sponda sign agreement one year syndicate credit facility total eur billion,2
stock exchange announcement july basware share subscription warrant increase share capital total share subscribe basware warrant program,1
contract cover hdo platform ac cxe optical fttb node design increase forward return path capacity transmission network,2
new plant plan electricity generation capacity megawatts mw heat generation capacity,1
omx helsinki index pct helsinki cap portfolio index pct high,2
sale growth car considerably influence tire market,1
maximum new share subscribe exercise b option stock option plan,1
result share issue number company share increase share share capital total eur,1
finnish real estate investor sponda plc say wednesday march sign agreement danske bank helsinki branch year eur credit facility ilmarinen mutual pension insurance company year eur credit facility,1
route helsinki finland tallinn estonia cargo volume increase cargo volume finland sweden fell,1
measure include increase synergy economy scale within grimaldi group personnel adjustments divestments redelivery excess tonnage,1
rinkuskiai raise sale percent million liter sale kauno alus grow percent liter,2
telecomworldwire april tj group plc sell stake morning digital design oy finnish company tj group plc say friday april sign agreement selling share morning digital design oy edita oyj,1
telecomworldwire april tj group plc sell stake morning digital design oy finnish company tj group plc say friday april sign agreement selling share morning digital design oy edita oyj,2
new series share become subject trading helsinki stock exchange main list together old series share july,1
fuel purchase contract sign three month delivery september november,1
tiimari operate store six country include core finnish market generate turnover mln eur,1
agreement biohit become focus supplier pipettors disposable pipettor tip vwr customer throughout europe,2
combination service enable u offer complex strengthen service chain limit baltic port connection also get access world wide grimaldi network mediterranean africa north america say uwe bakosch,2
blind spot come vantage point allow investigator see whole story high resolution unbroken video,1
company still expect turnover slightly increase level add market predictability still poor trustworthy forecast market development contract manufacture business current year,2
acquisition considerably increase kemira sale market position russian metal industry coating market,2
january september finnlines net sale rise eur mn eur mn correspond period,2
adjust change group structure division net sale increase,2
change optimize operational efficiency grow business say julia prohaska director marketing communication fiskars,2
would invest physical infrastructure would also provide know manage develop science technology park say sunrise valley director andrius bagdonas,2
february finnish broadband data communication system provider teleste oyj hel tlt v saw net profit jump eur last quarter eur period,2
finnish aktia group operating profit rise eur mn first quarter eur mn first quarter,2
finnish bank land consolidated net operating profit increase eur mn first quarter eur mn first quarter,2
finnish financial group aktia report operating profit eur mn january september eur mn correspond period,2
finnish high technology provider vaahto group report net sale eur mn accounting period september february increase year earlier,2
net sale finnish food industry company l ænnen tehtaat continue operation increase eur mn eur mn,2
individual promotion also generate slightly high expect revenue,2
biohit already service many current genesis customer customer base expect expand result agreement,2
operating profit turnover three month period increase respectively eur eur compare corresponding period,2
circulation revenue increase finland sweden,2
clothing chain sepp æl æ net sale increase eur mn,2
construction volume meanwhile grow rate percent annually,2
finnish swedish construction market still experience estimate annual growth,2
however biohit estimate total net sale continue grow favourable trend net sale lead profit,2
fiskars cash flow operate activity amount eur eur previous year,2
lithuania operating profit rise eur eur corresponding period,2
fourth quarter net sale increase eur mn eur mn fourth quarter,2
international sale rise eur mn,2
kalmar espana generate net sale mln euro mln,1
net sale grow period x ac million u million x ac million,2
net sale increase eur april june eur year earlier,2
net sale rise year year eur number charger deliver go million piece,2
net sale total eur mn eur mn corresponding period,2
nokia also note average selling price handset decline period though mobile phone profit margin rise percent percent year ago quarter,2
operating profit increase eur mn eur mn,2
operating profit margin increase,2
operating profit rise eur mn eur mn correspond period,2
operating profit rise eur mn eur mn fourth quarter,2
operating profit eur mn eur mn,2
ramirent net sale second quarterended june euro million u million percent increase compare euro million thesecond quarter last year,2
revenue grow percent x ac million million x ac million,2
ruukki announce signed agreement aker solution norway supply suction anchor september kalajoki unit finland,2
ruukki delivery volume sell price show favourable development company comparable net sale grow year year eur ceo sakari tamminen say,2
sanoma magazine net sale estimate grow,2
bank forecast finland gdp grow,2
circuit overall production rate weekly basis excess average tonne per day volume excess tonne per day reach individual day,2
company consolidate operating profit amount eur mn eur mn year year,2
department store division report increase sale per cent,2
fair value company investment property grow eur billion end march eur million year ago,2
last quarter best quarter net sale operate margin rise,2
major brewery increase domestic beer sale per cent last year million litres million litre,2
transaction double tecnomens workforse add fourth net sale,2
operating profit rise eur million,2
purchase cramo become second large rental service provider latvian market,2
priority strengthen company balance sheet increase cash flow ceo hannu krook say,2
purchase operation part yit strategy expand offer building system service geographically,2
october finnish fishing tackle company rapala vmc corp hel rap v say today net profit rise eur first nine month eur period year earlier,2
structure bim build information modeling software tekla model base software provider adopt construction management delivery university project abu dhabi,1
accord finnish metso mineral value company order go eur bn month,2
finnish aldata solution sign contract supply g l system two french retail chain,2
finnish bank land report operating profit rise eur mn second quarter eur mn corresponding period,2
finnish financial group aktia operate profit increase eur mn eur mn,2
finnish forest machinery manufacturer ponsse net sale grow eur mn first quarter eur mn corresponding period,2
finnish kci konecranes raise net sale growth estimate,2
finnish okmetic manufacture process silicon wafer semiconductor sensor industry norwegian solar wafer company norsun sign contract okmetic supply norsun mono silicon crystal use solar cell manufacturing,2
finnish pharmaceutical company orion net sale rise eur mn first quarter eur mn first quarter,2
finnish ponsse sign agreement babcock africa distribution support ponsse forest machine harvester head information system south africa,2
south african sappi become large foreign forest industry company operate finland result acquisition finnish real corporation graphic paper business unit,2
accord deputy md pekka silvennoinen aim double turnover next three year,2
accord hkscan finland plan increase j ærvi suomen portti net sale eur mn eur mn,2
advertising circulation revenue grow respectively,2
takeover cramo become second large rental service provider latvian market,2
significant sale increase russia,2
alma medium expect net sale increase forecast previously,2
also lemmink æinen profit accounting period go eur mn eur mn year ago,2
end march group order book eur mn correspond period,2
time profit company increase h reach l,2
aviation system maintenance base kansa generate net sale usd million,1
besides increase share meat various sausage offer number new taste grill product shish kebab segment paavel say,2
operating profit net sale month period increase respectively eur eur compare financial year,2
operating profit net sale month period increase respectively eur eur compare financial year,2
operating profit net sale month period increase respectively eur eur compare,2
operating profit net sale month period increase respectively eur eur compare,2
operating profit net sale nine month period increase respectively compare corresponding period,2
operating profit net sale six month period increase respectively eur eur compare corresponding period,2
operating profit net sale six month period increase respectively eur eur compare corresponding period,2
operating profit net sale six month period increase respectively eur eur compare corresponding period,2
operating profit net sale six month period increase respectively eur eur compare corresponding period,2
operating profit net sale three month period increase respectively eur eur compare corresponding period,2
operating profit net sale three month period increase respectively eur eur compare corresponding quarter,2
operating profit sale three month period increase respectively eur eur compare corresponding period,2
operating profit turnover nine month period increase respectively eur eur compare corresponding period year ago,2
operating profit turnover six month period increase respectively eur eur compare corresponding period,2
operating profit turnover six month period increase respectively eur eur compare corresponding period year ago,2
cargo volume grow,2
cargo volume increase approximately,2
comparable operating profit total eur mn eur mn,2
digia say consolidated net sale january june eur period eur,2
dilute earnings per share eps rise eur eur,2
dilute earnings per share eps rise eur versus eur,2
dilute earnings per share eps rise eur eur,2
dilute earnings per share eps rise eur eur,2
dilute eps rise eur eur,2
ebit margin,2
editor note grimaldi generate bln euro bln turnover ansa report may,1
eps quarter eur compare eur third quarter represent group net sale third quarter eur compare eur third quarter,2
eps continue operation come eur,2
equity ratio compare third quarter net sale freeze food business total eur third quarter,2
eur q may finnish textile clothe design company marimekko oyj hel mmo v say today net profit rise eur first quarter eur correspond period year earlier,2
finland base elcoteq se privately hold provider electronics manufacturing service communication company say thursday sign long term manufacturing supply deal communication equipment company andrew corp,2
finnish cutlery hand tool maker fiskars oyj abp hel fisa say today net profit rise eur million usd third quarter eur million year earlier,2
finnish department store chain stockmann oyj abp net profit rise mln euro mln first nine month mln euro mln period,2
finnish lifting equipment maker konecranes oyj say july net profit rise mln euro mln first half mln euro mln period,2
finnish message solution developer tecnomen corporation omx helsinki tem v say thursday december receive expansion order convergent charge solution latin america,2
finnish metal industry solution supplier outotec oyj net profit rise mln euro mln first nine month mln euro mln period,2
finnish metal product company componenta oyj net profit rise mln euro mln first quarter mln euro mln period,2
finnish office supply computer accessory dealer beltton group plc say net profit rise mln euro mln mln euro mln,2
finnish security privacy software solution developer stonesoft oyj say january preliminary sale stonegate product grow pct year year mln euro mln fourth quarter,2
finnish silicon wafer technology company okmetic oyj omx helsinki okm v report thursday august operating profit eur period january june eur correspond period,2
finnish software developer do solution oyj say net profit increase mln euro mln mln euro mln,2
first quarter underlie operating profit rise mln eur mln year earlier,2
follow acquisition relacom strengthen presence finland serve operator office market mobile fix network construction installation maintenance service,2
first nine month company net profit rise eur eur corresponding period,2
helsinki afx retail wholesale group kesko reported net sale mln eur february increase pct year year,2
however net sale see grown eur eur,2
however sale return growth april june ceo pekka eloholma say,2
ragutis control finnish brewery report per cent rise beer sale million litre hold per cent market share,2
svyturys utenos alus control nordic group baltic beverage hold bbh post per cent growth beer sale january may million litre,2
contempus generate revenue nok approx,1
addition kone sign two year maintenance contract escalator,2
december alone member lithuanian brewer association sell total million liter beer increase percent sale million liter december,2
january september group net interest income increase eur mn eur mn january september,2
q bank land net interest income increase eur mn eur mn,2
sweden operating profit period review total eur mn correspond period,2
fourth quarter orion net profit go year year eur,2
second quarter group net profit rise eur million eur million april june,2
second quarter group net profit rise eur eur april june,2
third quarter net sale increase year year eur million comparable currency rate growth,2
third quarter net sale increase year year eur comparable currency rate growth,2
incap estimate generate revenue mln euro mln indian operation,1
market share widen percent percent year earlier,2
total annual revenue come mln zloty mln mln euro,1
kesko agro eesti retailer wholesaler grain agricultural warehouse machinery accessory net sale million euros increase one tenth precede year,2
kesko car import retailing business vv auto saw sale grow pct,2
kone net sale rise year year first nine month,2
adp news feb finnish management software solution provider ixonos oyj hel xns v say today net profit rise eur million usd eur million,2
adp news feb finnish solution provider affecto oyj hel afe v say today net profit rise eur million usd eur million,2
adp news feb finnish fishing tackle company rapala vmc corp hel rap v say today net profit rise eur million usd eur million,2
adp news nov finnish electronic measurement product solution maker vaisala oyj omx vaias say today net profit rise eur million usd first nine month eur,2
adp news oct finnish lifting equipment maker konecranes oyj omx kcr v say today net profit rise eur million usd first nine month eur million,2
metso expect net sale increase comparable exchange rate,2
real generate turnover eur bn employee,1
neste oil corp sign long term procurement contract honkajoki oy findest protein oy own finnish food manufacturer supply animal fat biodiesel production neste b cd porvoo finland refinery,2
net interest income increase eur mn eur mn,2
net interest income eur mn eur mn,2
net interest income eur mn eur mn,2
net sale vegetable oil business rise eur mn eur mn,2
nokia multimedia net sale total eur bn correspond period,2
operate income rise eur mn eur mn,2
operating profit kauppalehti group rise eur mn eur mn marketplace eur mn eur mn third quarter,2
operating profit rise eur mn eur mn,2
operating profit rise mln eur mln,2
operating profit rise eur mn eur mn correspond period,2
operating profit rise eur mn eur correspond period,2
operating profit rise eur mn eur mn correspond period,2
operating profit rise eur mn eur mn correspond period,2
operating profit rise eur mn eur mn,2
operating profit rise eur mn eur mn correspond period,2
operating profit rise eur mn eur mn,2
operating profit rise eur mn eur mn,2
operating profit rise eur mn eur mn correspond period,2
operating profit rise eur eur year earlier,2
operating profit surge eur eur,2
operating profit total eur mn slightly eur mn correspond period,2
operating profit total eur mn eur mn,2
operating profit eur mn eur mn,2
operating profit eur mn eur mn,2
order intake grow year year year year respectively eur million eur billion respective january september july september period,2
order receive grow year year eur,2
orion pharma operating profit increase,2
passenger volume rise accounting period,2
passenger related revenue rise eur mn eur mn,2
press release october ruukki sign contract deliver install steel structure bridge kyronsalmi strait savonlinna finland,2
pretax profit rise eur mn eur mn correspond period,2
pretax profit rise eur mn eur correspond period,2
pretax profit rise eur mn eur mn,2
pre tax profit total eur mn eur mn,2
previously company guide ebit sale growth pct pct respectively year,2
previously company estimate operating profit reach level,2
profit period total eur mn eur mn corresponding period,2
profit period eur mn eur mn,2
profit period eur mn eur mn,2
revenue grow percent x ac billion u billion,2
revenue july september grow percent euro million year earlier company say thursday,2
revenue time grow percent million euro,2
ruukki sign contract deliver install steel structure bridge kyronsalmi strait savonlinna finland,2
sale latin america increase eur mn total mn mobile device sell area represent increase corresponding period,2
sale clothing develop best,2
sanoma magazine finland net sale grow eur mn eur mn,2
satama net profit third quarter rise euro euro period,2
section regional news demand finnair asian traffic measure passenger kilometer august compare last year,2
svyturys utenos alus control nordic group baltic beverage hold bbh post percent growth beer sale january september million liter,2
would increase estimate sale million last year,2
agreement expand tekla structure scope use bridge design,2
aim increase sale least one fifth,2
chain post sale million euro full rise percent year year,2
company expect net sale increase,2
company expect net sale first half reach previous year level,2
company process build new fleet place order p max tanker dwt,2
company operate income ebit total eur mn eur mn year year,2
eps outlook increase pct pct,2
fair value investment property total eur mn eur mn,2
finnish government announce wednesday sell percent stake chemical fertilizer group kemira oyj x ac million u million send company share price percent,2
firm generate sale mln eur,1
german company also sign code share agreement another oneworld member american airline inc part u base amr corp nyse amr,2
helsinki base company also own salomon atomic suunto brand say net profit rise percent three month dec x ac million u million x ac million year earlier,2
increase capital stock register finnish trade register november,2
operating profit grain trading increase eur mn eur mn,2
stock rise second day wednesday bring two day rise gbx,2
stock rise third day tuesday bring three day rise gbx,2
transaction line aspo strategy expand baltic sea region eastern market,2
transaction would increase earnings per share first quarter eur,2
recovery base metal price increase demand metal china however,2
new representation extend comptel global presence total country serve customer country worldwide,2
tietoenator use nokia intellisync mobile suite wireless email calendar device management capability company extend service customer,2
total operating revenue grow year year eur,2
vacon cash flow operation grow eur mn eur mn year ago,2
vacon supply drive ruselprom power range kw mw,1
also strengthen exist partnership cybercom say teleste cto esko myllyla,2
via satlan acquisition teleste plan expand market presence video service partner cable operator broadcaster iptv service provider,2
acquisition company expand offer north central south america say,2
extension new contract eight engine plant produce mw say,2
yit say acquisition part strategy expansion central eastern european market,2
basware product sale grow strongly financial period percent,2
second quarter firstquarter growth net sale since third quarter say magnus rosen ramirent ceo,2
transaction strengthen position design brand good say fiskars president ceo heikki allonen point two group relatively overlap operation,2
february finnish textile clothing company marimekko oyj hel mmo v say today preliminary operating profit grow eur eur,2
finnish componenta publish new long term strategy period aim grow together customer,1
finnish larox sign contract talvivaara project delivery filter talvivaara nickel mine sotkamo finland,2
affecto expect net sale whole increase level reach eur million,2
cash flow operation rise eur mn eur mn,2
commission income rise eur mn eur mn,2
componenta objective agreement increase business exist production line,2
earnings per share january june eur increase year year eur,2
earnings per share eps rise eur eur,2
elisa say mobile subscription grow percent mainly customer adopt call third generation mobile technology,2
eps quarter come eur eur year ago ahead forecast eur,2
eps grow eur eur,2
export grow percent million liter,2
finnish investment group panostaja oyj say net profit go mln euro mln fiscal end october mln euro mln period fiscal,2
finnish metal component supplier componenta oyj say net profit go mln euro mln mln euro mln,2
finnish silicon wafer technology company okmetic oyj omx helsinki okm v report thursday october operating profit eur january september eur correspond period,2
fiskars brand report net sale eur mn eur mn,2
geosentric oyj geosolutions business unit gypsii mobile digital lifestyle application geo mobility social networking platform sign agreement nanjing mynet make gypsii mobile social networking platform available customer china mobile,2
helsinki afx outokumpu technology say sign mln eur agreement mongolia erdenet mining corporation engineering first hydrocopper plant build erdenet mine site,2
however proportion pay stand order grow,2
addition demand finland export line stone product also increase,2
january september group net sale continue operation rise eur mn eur mn correspond period,2
july september yit net sale increase eur mn compare eur mn correspond period,2
report period net sale rise year year eur due business acquisition realize first half effect eur review period,2
report period company operating profit grow eur million,2
last year net sale rise eur million eur million,2
last year company raise turnover approximately million litas eur mln million litas,2
adp news nov finnish ac drive manufacturer vacon oyj omx vac v say today set new representative office romania ukraine serve grow market eastern southeastern europe,2
marimekko group full year net sale estimate increase,2
net sale surge eur million,2
net sale go year year eur million affect business acquisition realize previous financial period effect eur million review period,2
nevertheless market share rise percent percent year earlier,2
nokia world large mobile phone manufacturer china postel china large mobile phone distributor long stand partnership continue grow strong time,2
october december sale mln eur pct increase year year,2
olvi control percent stake ragutis le coq say annual report publish earlier year lithuanian brewery sale reach million euro last year rise percent million euro,2
olvi expect sale market share increase first quarter,2
olvi target strengthen market share soft drink mineral water cider long drink energy drink,1
operating profit increase eur mn eur mn correspond period,2
operating profit asian plant grow markedly,2
operating profit total eur mn eur mn,2
operating profit total eur mn eur mn year year,2
production capacity increase tonne per year raw material continue recycle paper board,2
profit period increase eur mn eur mn,2
profit per share eur eur,2
return capital employ rise percentage point,2
revenue july september grow percent euro billion finnish company say thursday,2
revenue grow percent euro million u million euro million,2
ruukki order book end year year quarter quarter,2
ruukki sign contract norwegian company veidekke entreprenor,2
sale finland rise international growth,2
sale security system packaging increase slightly,2
stora enso third quarter pre tax profit double eur mn,2
strong growth see new market russia czech republic slovakia,2
airline order nine airbus aircraft delivery become lead airline late variant roll royce trent series engine call,2
company intensify smelter operation increase annual production capacity tonne copper,2
company market share continue increase,2
company schedule traffic measure revenue passenger kilometres rpk grow nearly passenger carry scheduled flight february,2
company say investment new market area result sale increase sweden poland russia lithuania,2
disposal autotank also strengthen aspo capital structure comment gustav nyberg ceo aspo,2
earnings per share quarter come eur eur quarter year earlier,2
economic occupancy rate sponda property portfolio rise,2
finnish supplier bs os va telecom operator tecnotree receive expansion order worth total u mn convergent charge next generation message solution latin america company announce without specify operator place order,2
group month operating profit grow percent million euro,2
growth activeness talentum customer start end continue report period company state,2
growth net sale first half compare first half,2
pretax profit group life insurance business increase eur million eur million,2
pretax profit group life insurance business increase eur eur,2
total delivery volume paper business tonne tonne,2
value firm forestry holding increase sek bn,2
new deal strengthen partnership telemig celular tecnomen start since begin telemig prepay operation,2
turnover rise eur eur,2
xerox stora enso team tailor igen short run demand packaging market,2
yit construction town riihim æki sign lease contract whereby town occupy travel centre office facility,2
upgrade intend raise network capacity mhz mhz several city enable bi directional service digital television well broadband data,2
finnish company stockmann sign contract company technopolis,1
accord notice skandinaviska enskilda banken ab publ helsinki branch august divest total alma medium share ilkka yhtyma oyj kaleva kustannus oy condition agreement make company july fulfil,1
previously announce geosentric oyj enter financing agreement lead investor june enable company receive financing aggregate amount,1
time market automate liquid handling device already large pipette accord biohit,1
efore ceo reijo maihaniemi say company develop already deliver power supply unit respective system base technology chinese sector company zte corp,1
finnish talvivaara mining co hel tlv v say thursday pick bofa merrill lynch jpmorgan nyse jpm joint bookrunners plan issue convertible note worth eur usd,1
lead production turn increase tonne would twofold increase current capacity level zahariev say,2
lemminkainen oyj say sign credit agreement nordea bank sto nda pohjola bank hel poh sampo bank hel samas svenska handelsbanken sto shb,1
pohjola could increase stake,1
scandic feed also diversify tosno product portfolio,1
separately yit corporation austrian firm e ag last week sign agreement sale e build system service business germany austria poland czech republic hungary romania eur mln,2
agreement jm one series contract teliasonera sign recent month residential construction real estate management company sweden,1
company intend raise production capacity,2
estimate value contract eur vaisala headquarter helsinki finland develop manufacture electronic measurement system meteorology environmental science traffic industry,1
mall part baltic pearl development project city st petersburg baltic pearl cjsc subsidiary shanghai foreign joint investment company develop home people,1
new facility know technopolis pulkovo introduce russian market entirely new concept create operate grow commercially fund science technology park support growth knowledge intensive company,1
thereby company expand offer north central south america,2
member partner use mostly apparent increase efficiency result service observe perttu puro tradeka,2
vacon control company via investment fund power fund eur usd,1
order include wartsila order book second quarter company add,1
management decide end increase cathode copper capacity,1
complete name shareholder otto henrik bernhard nyberg information amount share transfer corresponds total number share aspo plc,1
data process unit collect data calculates rvr value provide data user via various interface,1
tinyurl link take user scamming site promise user earn thousand dollar become google nasdaq goog cash advertiser,0
alexandria va march pertti salmi hanna vuolteenaho oulu finland sami viitasaari ii finland develop ornamental design handset u patent trademark office announce,1
alexandria va oct markka oksanen harald kaaja helsinki finland juha salokannel kangasala finland arto palin viiala finland develop system provide communication security,1
earlier report nokian tyre build plant town vsevolozhsk russia leningrad region annual production capacity million tire,1
biohit inc expand mline family pipettors addition new ml volume range,1
capman finnish alternative asset manager make acquisition helsinki focus vehicle real estate fund fund buy seven story office build underwent refurbishment end,1
compare ftse index rise point day relative price change,0
compare ftse index rise point day relative price change,1
compare ftse index rise point day relative price change,0
delivery start later volume increase year,1
finland nokian tyre kazakhstan ordabasy corporation sign agreement build plant astana produce car tire ordabasy chairman dinmukhamet idrisov say press conference,2
finnish business software group affectogenimap oyj say sign agreement acquire share swedish sector company intellibis ab mln euro mln debt free basis,2
finnish heat retain fireplace maker tulikivi oyj say august local tile stove utility ceramic subsidiary kermansavi oy merge tulikivi mean absorption order streamline late corporate structure,1
finnish silicon wafer manufacturer okmetic oyj say june sign agreement nordea bank finland plc local subsidiary swedish commercial bank nordea bank ab refinance okmetic syndicate bank facility amount mln euro mln,2
furthermore bunge also sign license agreement sunnuntai carlshamn mejeri brand,2
german commerzbank ag hamburg branch u jp morgan nyse jpm participate arranger dutch ing am inga co arranger,1
april neste separate parent company finnish energy company fortum become listed helsinki stock exchange,1
russia raisio food division home market stretch way vladivostok,1
september finnish group agree buy danish company rise poultry eur combination cash stock,2
increase number share base option right grant management company stock option plan,1
plan expand product portfolio harbor segment chief executive pekka lundmark tell financial time deutschland,2
office worldwide pct net sale generate outside finland,1
branch finland annual revenue finland,1
kauko telko ltd press release telko group kauko telko expand strategic partnership bp industrial lubricant service bp il acquire total ownership bp swedish retail company molub alloy ab,2
milan afx italian ship group grimaldi increase stake finnish company finnlines pct pct hold june accord news agency ansa,1
nokia message enables customer receive e mail e mail account mobile phone support pop imap e mail service,1
production capacity rise gradually tonne tonne,2
ramirent danish subsidiary ramirent today sign agreement acquire business asset machinery rental company jydsk materiel udlejning locate west jutland,2
share repurchase helsinki stock exchange behalf sampo plc danske bank helsinki branch,1
solidium pick tikkurila share dividend book value eur per share,1
takoma carry transaction acquire entire share capital moventas parkano oy run factory parkano southern finland,1
agreement provide switch double converter capacity whilst open manufacturing location china,2
building owner developer sun hung kai property group one large property company hong kong develop type premium residential commercial project sale investment,1
company aim finalize negotiation sign contract start october,1
company sign letter intent sale september envisage seal actual agreement january,1
company also say november real estate fund ky sign agreement finnish window maker fenestra oy build window plant forssa southern finland,2
company commit expand apollo portfolio,2
contract sign yesterday run five year include two year extension option,1
contract cover installation train start service,1
contract value amount eur company add,1
contract sign acquire uranium produce sotkamo nickel zinc mine eastern finland own talvivaara,2
expand agreement cover sale marketing distribution benefon navigation locator device china,1
omx nordic omxn index comprise trade nordic stock nasdaq omx exchange close point wednesday,2
omx nordic omxn index comprise trade nordic stock nasdaq omx exchange close point friday,2
tietoenator sign agreement acquire indian research development r service provider turnkey software solution developer fortuna technology pvt ltd mln euro mln september,1
number one mean create add value stakeholder everything,1
term take agreement talvivaara cameco provide front investment maximum million cover construction cost uranium extraction circuit,2
vaisala oyj press release september vaisala sign contract sell oxygen measurement technology business sick maihak gmbh,2
beijing xfn asia hong kong listed standard charter bank say sign china mobile phone dealer financing agreement nokia make first foreign bank offer finance country small medium enterprise lr,2
provide summary medical equipment pipeline product company develop,1
course talk come new project involve material handling konecranes president ceo pekka lundmark say ask whether talk reliance industry supply equipment upcoming refinery jamnagar,1
lidskoe pivo investment program foresees integrate modernization production update transport logistics infrastructure develop new marketing instrument mikshis say,2
residentialconstruction particular pick several market,2
ruukki include djsi world second year run european djsi stoxx third year run,1
sale oxygen measurement business strengthens goal focus choose market segment,1
correspond increase euro ahlstrom share capital enter trade register today,1
august latvijas finieris order production line new green veneer mill build ukmerge central lithuania,1
finnish house manufacturer target strongly grow one family house market russia,1
transaction alma medium raise stake talentum share vote right,2
aldata say still number operational aspect define microsoft detail product market initiatives result agreement available later date,1
alexandria va july hannu kahonen juuka finland develop ornamental design handle fire pit door u patent trademark office announce,1
alexandria va may kenneth bower vista calif develop ornamental design handset u patent trademark office announce,1
large elevator market world chinese output elevator continue rise unit yr yr,2
aspocomp intend set plant manufacture print circuit board investment r crore,1
baltic pearl cjsc subsidiary shanghai foreign joint investment company develop project st petersburg comprise million square meter residential space two hospital several school nursery,1
biohit oyj develop manufacture market liquid handle product diagnostic test system use research healthcare industrial laboratory,1
call switchboard directory service decrease significantly since employee date contact information colleague customer phone place call directly,1
cargotec share capital increase total euros,1
cargotec share capital increase total eur,1
compare ftse index rise point day relative price change,2
componenta increase stake turkish steel company doktas dokumculuk ticaret sanayi pct stake march,2
earnings per share eps see eur eur,2
estonia beer market overall grow three percent last year million liter,2
finnish food company raisio oyj hel raivv say friday wrap divestment margarine operation u sector player bunge ltd nyse bg eur usd,1
finnish lifting equipment maker konecranes hel kcr v say july raise stake austrian manipulator maker ac konecranes buy german sector player knight europe,2
finnish paper maker upm kymmene corp monday announce sale wrap unit walki wisa capman investment group move concentrate core business,1
follow increase company eur tm capital total mln romanian lei mln mln euro,1
helsinki afx kci konecranes say raise stake mmh holding inc owner u base morris material handle pct pct,2
generated net sale eur million usd,1
august latvijas finieris order production line new green veneer mill build ukmerge lithuania,1
delivers different user experience enable u widen market address,2
jacob support storengy investment develop storage site since owner engineer,1
adpnews jun finnish stainless steel maker outokumpu oyj hel v say yesterday sign three year eur million usd bn revolve credit facility,2
increase net sale due acquisition swedish silva produce garden tool boat,2
mr ashley deputy executive chairman sport direct sell pc stake company pound time float,1